AccountReference,Farm,Farm_Name,Field_ID,Field_Name,Contour_ID,Crop_Type,LY_Crop_Type_MAP,DrillingDate,Soil_Type,Variety,Field Ha,Total Yield,ProductName,Applied date,Quantity kg,kg CO2/kg fert,kg CO2/application,Field fert total kg CO2,Fert kg CO2/t grain,
LAWT0005|CHAS0002|KING0033|KING0034,1,Chasewoods Farm,5,Point,296,Rape Winter,Winter Barley,14/08/2021,Medium Chalk,LG Areti,3,12.84,18-46-00 Di Ammonium Phosphate,05/04/2022,381.46,0.6981,266,,,
LAWT0005|CHAS0002|KING0033|KING0034,1,Chasewoods Farm,5,Point,296,Rape Winter,Winter Barley,14/08/2021,Medium Chalk,LG Areti,3,12.84,Ammonium Sulphate,26/02/2022,378.95,0.6,227,,,
LAWT0005|CHAS0002|KING0033|KING0034,1,Chasewoods Farm,5,Point,296,Rape Winter,Winter Barley,14/08/2021,Medium Chalk,LG Areti,3,12.84,Liquid 30-0-0+10SO3,15/03/2022,498.67,1.4,698,,,
LAWT0005|CHAS0002|KING0033|KING0034,1,Chasewoods Farm,5,Point,296,Rape Winter,Winter Barley,14/08/2021,Medium Chalk,LG Areti,3,12.84,Nitram,30/03/2022,654.72,1.25,818,2010,156.56,
LAWT0005|CHAS0002|KING0033|KING0034,1,Chasewoods Farm,6,Laines,297,Rape Winter,Winter Barley,14/08/2021,Medium Chalk,LG Areti,15,66.75,Ammonium Sulphate,26/02/2022,1894.74,0.6,1137,,,
LAWT0005|CHAS0002|KING0033|KING0034,1,Chasewoods Farm,6,Laines,297,Rape Winter,Winter Barley,14/08/2021,Medium Chalk,LG Areti,15,66.75,Liquid 30-0-0+10SO3,15/03/2022,2460.21,1.4,3444,,,
LAWT0005|CHAS0002|KING0033|KING0034,1,Chasewoods Farm,6,Laines,297,Rape Winter,Winter Barley,14/08/2021,Medium Chalk,LG Areti,15,66.75,Nitram,30/03/2022,3273.59,1.25,4092,8673,129.93,
LAWT0005|CHAS0002|KING0033|KING0034,1,Chasewoods Farm,7,Moores,299,Rape Winter,Winter Barley,16/08/2021,Shallow Chalk,LG Areti,19,86.07,Ammonium Sulphate,28/02/2022,2400,0.6,1440,,,
LAWT0005|CHAS0002|KING0033|KING0034,1,Chasewoods Farm,7,Moores,299,Rape Winter,Winter Barley,16/08/2021,Shallow Chalk,LG Areti,19,86.07,Liquid 30-0-0+10SO3,15/03/2022,3244.64,1.4,4542,,,
LAWT0005|CHAS0002|KING0033|KING0034,1,Chasewoods Farm,7,Moores,299,Rape Winter,Winter Barley,16/08/2021,Shallow Chalk,LG Areti,19,86.07,Nitram,30/03/2022,4146.55,1.25,5183,,,
LAWT0005|CHAS0002|KING0033|KING0034,1,Chasewoods Farm,7,Moores,299,Rape Winter,Winter Barley,16/08/2021,Shallow Chalk,LG Areti,19,86.07,Poultry Manure,29/07/2021,100,,,,,
LAWT0005|CHAS0002|KING0033|KING0034,1,Chasewoods Farm,7,Moores,299,Rape Winter,Winter Barley,16/08/2021,Shallow Chalk,LG Areti,19,86.07,Sewage Sludge,17/08/2021,31500,,,11166,129.73,
LAWT0005|CHAS0002|KING0033|KING0034,1,Chasewoods Farm,15,Rose Hill,300,Wheat Winter,Winter Oilseed Rape,26/10/2021,Medium Chalk,KWS Extase,20,203.6,18-46-00 Di Ammonium Phosphate,05/04/2022,1335.1,0.6981,932,,,
LAWT0005|CHAS0002|KING0033|KING0034,1,Chasewoods Farm,15,Rose Hill,300,Wheat Winter,Winter Oilseed Rape,26/10/2021,Medium Chalk,KWS Extase,20,203.6,Liquid 30-0-0+10SO3,21/03/2022,3468.9,1.4,4856,,,
LAWT0005|CHAS0002|KING0033|KING0034,1,Chasewoods Farm,15,Rose Hill,300,Wheat Winter,Winter Oilseed Rape,26/10/2021,Medium Chalk,KWS Extase,20,203.6,Nitram,10/05/2022,3203.05,1.25,4004,9792,48.10,
LAWT0005|CHAS0002|KING0033|KING0034,1,Chasewoods Farm,14,Rose Top,301,Wheat Winter,Winter Oilseed Rape,24/10/2021,Medium Chalk,KWS Extase,8,74.16,18-46-00 Di Ammonium Phosphate,05/04/2022,1525.83,0.6981,1065,,,
LAWT0005|CHAS0002|KING0033|KING0034,1,Chasewoods Farm,14,Rose Top,301,Wheat Winter,Winter Oilseed Rape,24/10/2021,Medium Chalk,KWS Extase,8,74.16,Liquid 30-0-0+10SO3,21/03/2022,1418.41,1.4,1986,,,
LAWT0005|CHAS0002|KING0033|KING0034,1,Chasewoods Farm,14,Rose Top,301,Wheat Winter,Winter Oilseed Rape,24/10/2021,Medium Chalk,KWS Extase,8,74.16,Nitram,10/05/2022,664.63,1.25,831,3882,52.34,
LAWT0005|CHAS0002|KING0033|KING0034,1,Chasewoods Farm,13,Park,302,Wheat Winter,Winter Oilseed Rape,22/10/2021,Medium Chalk,KWS Extase,4,45.36,Liquid 30-0-0+10SO3,21/03/2022,746.58,1.4,1045,,,
LAWT0005|CHAS0002|KING0033|KING0034,1,Chasewoods Farm,13,Park,302,Wheat Winter,Winter Oilseed Rape,22/10/2021,Medium Chalk,KWS Extase,4,45.36,Nitram,10/05/2022,332.32,1.25,415,1461,32.20,
LAWT0005|CHAS0002|KING0033|KING0034,1,Chasewoods Farm,8,Pit Field,304,Barley Winter,Winter Wheat,24/09/2021,Medium Chalk,SY Armadillo,20,193.2,18-46-00 Di Ammonium Phosphate,05/04/2022,2574.83,0.6981,1797,,,
LAWT0005|CHAS0002|KING0033|KING0034,1,Chasewoods Farm,8,Pit Field,304,Barley Winter,Winter Wheat,24/09/2021,Medium Chalk,SY Armadillo,20,193.2,Liquid 30-0-0+10SO3,15/03/2022,3264.52,1.4,4570,,,
LAWT0005|CHAS0002|KING0033|KING0034,1,Chasewoods Farm,8,Pit Field,304,Barley Winter,Winter Wheat,24/09/2021,Medium Chalk,SY Armadillo,20,193.2,Liquid 30-0-0+10SO3,12/04/2022,3887,1.4,5442,11810,61.13,
LAWT0005|CHAS0002|KING0033|KING0034,1,Chasewoods Farm,9,Round Hill,305,Barley Winter,Winter Wheat,07/10/2021,Medium Chalk,SY Armadillo,19,184.3,18-46-00 Di Ammonium Phosphate,05/04/2022,2860.93,0.6981,1997,,,
LAWT0005|CHAS0002|KING0033|KING0034,1,Chasewoods Farm,9,Round Hill,305,Barley Winter,Winter Wheat,07/10/2021,Medium Chalk,SY Armadillo,19,184.3,Liquid 30-0-0+10SO3,15/03/2022,3463.22,1.4,4849,,,
LAWT0005|CHAS0002|KING0033|KING0034,1,Chasewoods Farm,9,Round Hill,305,Barley Winter,Winter Wheat,07/10/2021,Medium Chalk,SY Armadillo,19,184.3,Liquid 30-0-0+10SO3,12/04/2022,4103,1.4,5744,12590,68.31,
LAWT0005|CHAS0002|KING0033|KING0034,1,Chasewoods Farm,10,Chase A,306,Oats Winter,Winter Wheat,09/10/2021,Medium Chalk,Mascani,21,181.23,18-46-00 Di Ammonium Phosphate,05/04/2022,3528.48,0.6981,2463,,,
LAWT0005|CHAS0002|KING0033|KING0034,1,Chasewoods Farm,10,Chase A,306,Oats Winter,Winter Wheat,09/10/2021,Medium Chalk,Mascani,21,181.23,Nitram,14/04/2022,1894.74,1.25,2368,4832,26.66,
LAWT0005|CHAS0002|KING0033|KING0034,1,North Farm,56,Milkstand,410,Wheat Winter,NULL,15/10/2021,Medium Chalk,KWS Extase,9,100.26,Liquid 30N,18/05/2022,1148,1.06,1217,,,
LAWT0005|CHAS0002|KING0033|KING0034,1,North Farm,56,Milkstand,410,Wheat Winter,NULL,15/10/2021,Medium Chalk,KWS Extase,9,100.26,Liquid 30N,19/04/2022,1350,1.06,1431,2648,26.41,
LAWT0005|CHAS0002|KING0033|KING0034,1,North Farm,55,Farm Cottage,411,Wheat Winter,NULL,14/10/2021,Medium Chalk,KWS Extase,8,90.64,Liquid 30N,19/04/2022,1350,1.06,1431,,,
LAWT0005|CHAS0002|KING0033|KING0034,1,North Farm,55,Farm Cottage,411,Wheat Winter,NULL,14/10/2021,Medium Chalk,KWS Extase,8,90.64,Liquid 30N,18/05/2022,1066,1.06,1130,2561,28.25,
LAWT0005|CHAS0002|KING0033|KING0034,1,North Farm,56,Hellscombe,412,Wheat Winter,Grass,16/10/2021,Medium Chalk,KWS Extase,9,107.37,Liquid 30N,18/05/2022,1214,1.06,1287,,,
LAWT0005|CHAS0002|KING0033|KING0034,1,North Farm,56,Hellscombe,412,Wheat Winter,Grass,16/10/2021,Medium Chalk,KWS Extase,9,107.37,Liquid 30N,19/04/2022,1940,1.06,2056,3343,31.14,
LAWT0005|CHAS0002|KING0033|KING0034,1,North Farm,57,Whitcombs,416,Wheat Winter,Grass,22/10/2021,Shallow Chalk,KWS Extase,18,209.7,Ammonium Sulphate,07/03/2022,1465.12,0.6,879,,,
LAWT0005|CHAS0002|KING0033|KING0034,1,North Farm,57,Whitcombs,416,Wheat Winter,Grass,22/10/2021,Shallow Chalk,KWS Extase,18,209.7,Nitram,14/04/2022,3681.82,1.25,4602,,,
LAWT0005|CHAS0002|KING0033|KING0034,1,North Farm,57,Whitcombs,416,Wheat Winter,Grass,22/10/2021,Shallow Chalk,KWS Extase,18,209.7,Nitram,20/03/2022,3681.82,1.25,4602,,,
LAWT0005|CHAS0002|KING0033|KING0034,1,North Farm,57,Whitcombs,416,Wheat Winter,Grass,22/10/2021,Shallow Chalk,KWS Extase,18,209.7,Nitram,17/05/2022,2300,1.25,2875,12959,61.80,
LAWT0005|CHAS0002|KING0033|KING0034,1,North Farm,58,Lawtons Field,417,Wheat Winter,NULL,22/10/2021,Medium Chalk,KWS Extase,21,238.14,18-46-00 Di Ammonium Phosphate,07/03/2022,2538.13,0.6981,1772,,,
LAWT0005|CHAS0002|KING0033|KING0034,1,North Farm,58,Lawtons Field,417,Wheat Winter,NULL,22/10/2021,Medium Chalk,KWS Extase,21,238.14,Ammonium Sulphate,07/03/2022,1716.28,0.6,1030,,,
LAWT0005|CHAS0002|KING0033|KING0034,1,North Farm,58,Lawtons Field,417,Wheat Winter,NULL,22/10/2021,Medium Chalk,KWS Extase,21,238.14,Nitram,14/04/2022,4295.45,1.25,5369,,,
LAWT0005|CHAS0002|KING0033|KING0034,1,North Farm,58,Lawtons Field,417,Wheat Winter,NULL,22/10/2021,Medium Chalk,KWS Extase,21,238.14,Nitram,20/03/2022,4295.45,1.25,5369,,,
LAWT0005|CHAS0002|KING0033|KING0034,1,North Farm,58,Lawtons Field,417,Wheat Winter,NULL,22/10/2021,Medium Chalk,KWS Extase,21,238.14,Nitram,17/05/2022,3100,1.25,3875,17415,73.13,
LAWT0005|CHAS0002|KING0033|KING0034,1,North Farm,60,Southfield,425,Wheat Winter,NULL,28/10/2021,Medium Chalk,KWS Zyatt,20,214,18-46-00 Di Ammonium Phosphate,07/03/2022,2014.39,0.6981,1406,,,
LAWT0005|CHAS0002|KING0033|KING0034,1,North Farm,60,Southfield,425,Wheat Winter,NULL,28/10/2021,Medium Chalk,KWS Zyatt,20,214,Liquid 30N,19/04/2022,2960,1.06,3138,,,
LAWT0005|CHAS0002|KING0033|KING0034,1,North Farm,60,Southfield,425,Wheat Winter,NULL,28/10/2021,Medium Chalk,KWS Zyatt,20,214,Nitram,18/05/2022,3500,1.25,4375,8919,41.68,
LAWT0005|CHAS0002|KING0033|KING0034,1,North Farm,61,Black Barn,426,Wheat Winter,NULL,28/10/2021,Shallow Chalk,KWS Zyatt,19,222.11,18-46-00 Di Ammonium Phosphate,07/03/2022,2105.04,0.6981,1470,,,
LAWT0005|CHAS0002|KING0033|KING0034,1,North Farm,61,Black Barn,426,Wheat Winter,NULL,28/10/2021,Shallow Chalk,KWS Zyatt,19,222.11,Liquid 30N,19/04/2022,2960,1.06,3138,,,
LAWT0005|CHAS0002|KING0033|KING0034,1,North Farm,61,Black Barn,426,Wheat Winter,NULL,28/10/2021,Shallow Chalk,KWS Zyatt,19,222.11,Nitram,17/05/2022,3600,1.25,4500,9107,41.00,
LAWT0005|CHAS0002|KING0033|KING0034,1,North Farm,62,Clumps,427,Wheat Winter,Winter Oilseed Rape,28/10/2021,Shallow Chalk,KWS Zyatt,20,222.8,18-46-00 Di Ammonium Phosphate,17/03/2022,604.32,0.6981,422,,,
LAWT0005|CHAS0002|KING0033|KING0034,1,North Farm,62,Clumps,427,Wheat Winter,Winter Oilseed Rape,28/10/2021,Shallow Chalk,KWS Zyatt,20,222.8,Liquid 30N,19/04/2022,2960,1.06,3138,,,
LAWT0005|CHAS0002|KING0033|KING0034,1,North Farm,62,Clumps,427,Wheat Winter,Winter Oilseed Rape,28/10/2021,Shallow Chalk,KWS Zyatt,20,222.8,Nitram,17/05/2022,3700,1.25,4625,8184,36.73,
LAWT0005|CHAS0002|KING0033|KING0034,1,North Farm,54,Eastleaze,429,Rape Winter,NULL,31/08/2021,Shallow Chalk,Aurelia,17,46.75,18-46-00 Di Ammonium Phosphate,31/08/2021,929.91,0.6981,649,,,
LAWT0005|CHAS0002|KING0033|KING0034,1,North Farm,54,Eastleaze,429,Rape Winter,NULL,31/08/2021,Shallow Chalk,Aurelia,17,46.75,18-46-00 Di Ammonium Phosphate,17/03/2022,705.04,0.6981,492,,,
LAWT0005|CHAS0002|KING0033|KING0034,1,North Farm,54,Eastleaze,429,Rape Winter,NULL,31/08/2021,Shallow Chalk,Aurelia,17,46.75,Ammonium Sulphate,07/03/2022,2400,0.6,1440,,,
LAWT0005|CHAS0002|KING0033|KING0034,1,North Farm,54,Eastleaze,429,Rape Winter,NULL,31/08/2021,Shallow Chalk,Aurelia,17,46.75,Nitram,30/03/2022,2102.29,1.25,2628,,,
LAWT0005|CHAS0002|KING0033|KING0034,1,North Farm,54,Eastleaze,429,Rape Winter,NULL,31/08/2021,Shallow Chalk,Aurelia,17,46.75,Nitram,11/02/2022,1800,1.25,2250,,,
LAWT0005|CHAS0002|KING0033|KING0034,1,North Farm,54,Eastleaze,429,Rape Winter,NULL,31/08/2021,Shallow Chalk,Aurelia,17,46.75,Nitram,17/03/2022,3400,1.25,4250,,,
LAWT0005|CHAS0002|KING0033|KING0034,1,North Farm,54,Eastleaze,429,Rape Winter,NULL,31/08/2021,Shallow Chalk,Aurelia,17,46.75,Polysulphate,28/02/2022,2781.82,0.0724,201,,,
LAWT0005|CHAS0002|KING0033|KING0034,1,North Farm,54,Eastleaze,429,Rape Winter,NULL,31/08/2021,Shallow Chalk,Aurelia,17,46.75,MOP 60%,05/04/2022,1235.3,0.28,346,12257,262.17,
LAWT0005|CHAS0002|KING0033|KING0034,1,North Farm,53,Black Gate,431,Rape Winter,NULL,12/08/2021,Shallow Chalk,Aurelia,16,62.62,18-46-00 Di Ammonium Phosphate,12/08/2021,870.09,0.6981,607,,,
LAWT0005|CHAS0002|KING0033|KING0034,1,North Farm,53,Black Gate,431,Rape Winter,NULL,12/08/2021,Shallow Chalk,Aurelia,16,62.62,Nitram,17/03/2022,2000,1.25,2500,,,
LAWT0005|CHAS0002|KING0033|KING0034,1,North Farm,53,Black Gate,431,Rape Winter,NULL,12/08/2021,Shallow Chalk,Aurelia,16,62.62,Nitram,30/03/2022,3297.71,1.25,4122,,,
LAWT0005|CHAS0002|KING0033|KING0034,1,North Farm,53,Black Gate,431,Rape Winter,NULL,12/08/2021,Shallow Chalk,Aurelia,16,62.62,Polysulphate,28/02/2022,2618.18,0.0724,190,,,
LAWT0005|CHAS0002|KING0033|KING0034,1,North Farm,53,Black Gate,431,Rape Winter,NULL,12/08/2021,Shallow Chalk,Aurelia,16,62.62,MOP 60%,05/04/2022,1764.71,0.28,494,7913,126.37,
LAWT0005|CHAS0002|KING0033|KING0034,1,North Farm,63,Little Down.,432,Beans Dried Spring,Winter Wheat,19/03/2022,Shallow Chalk,Fuego,18,88.92,Polysulphate,15/04/2022,1506.98,0.0724,109,,,
LAWT0005|CHAS0002|KING0033|KING0034,1,North Farm,64,Peaks,433,Beans Dried Spring,Winter Wheat,19/03/2022,Medium Chalk,Fuego,20,111.8,Polysulphate,15/04/2022,1590.7,0.0724,115,,,
LAWT0005|CHAS0002|KING0033|KING0034,1,North Farm,59,Lens Field,464,Wheat Winter,Grass,28/10/2021,Shallow Chalk,Skyfall,5,42.1,18-46-00 Di Ammonium Phosphate,07/03/2022,1611.51,0.6981,1125,,,
LAWT0005|CHAS0002|KING0033|KING0034,1,North Farm,59,Lens Field,464,Wheat Winter,Grass,28/10/2021,Shallow Chalk,Skyfall,5,42.1,Ammonium Sulphate,07/03/2022,418.6,0.6,251,,,
LAWT0005|CHAS0002|KING0033|KING0034,1,North Farm,59,Lens Field,464,Wheat Winter,Grass,28/10/2021,Shallow Chalk,Skyfall,5,42.1,Nitram,18/05/2022,1100,1.25,1375,,,
LAWT0005|CHAS0002|KING0033|KING0034,1,North Farm,59,Lens Field,464,Wheat Winter,Grass,28/10/2021,Shallow Chalk,Skyfall,5,42.1,Nitram,14/04/2022,1022.73,1.25,1278,,,
LAWT0005|CHAS0002|KING0033|KING0034,1,North Farm,59,Lens Field,464,Wheat Winter,Grass,28/10/2021,Shallow Chalk,Skyfall,5,42.1,Nitram,20/03/2022,1022.73,1.25,1278,,,
LAWT0005|CHAS0002|KING0033|KING0034,1,North Farm,59,Lens Field,464,Wheat Winter,Grass,28/10/2021,Shallow Chalk,Skyfall,5,42.1,MOP 60%,19/04/2022,1400,0.28,392,5700,135.39,
LAWT0005|CHAS0002|KING0033|KING0034,1,Coronel Farm,32,Goldies,469,Barley Winter,Winter Wheat,11/10/2021,Shallow Chalk,SY Armadillo,37,332.26,18-46-00 Di Ammonium Phosphate,07/03/2022,3300,0.6981,2304,,,
LAWT0005|CHAS0002|KING0033|KING0034,1,Coronel Farm,32,Goldies,469,Barley Winter,Winter Wheat,11/10/2021,Shallow Chalk,SY Armadillo,37,332.26,MOP 60%,19/04/2022,4800,0.28,1344,3648,10.98,
LAWT0005|CHAS0002|KING0033|KING0034,1,Coronel Farm,43,Pork,470,Wheat Winter,Winter Oilseed Rape,25/10/2021,Medium Chalk,LG Illuminate,12,123.24,Liquid 30N,15/05/2022,2455,1.06,2602,,,
LAWT0005|CHAS0002|KING0033|KING0034,1,Coronel Farm,43,Pork,470,Wheat Winter,Winter Oilseed Rape,25/10/2021,Medium Chalk,LG Illuminate,12,123.24,Liquid 30N,13/04/2022,1933,1.06,2049,4651,37.74,
LAWT0005|CHAS0002|KING0033|KING0034,1,Aldbourne Chase,31,Moonlight,520,Barley Winter,Spring Wheat,09/10/2021,Shallow Chalk,SY Thunderbolt,25,241,Nitram,03/05/2022,3507.31,1.25,4384,,,
LAWT0005|CHAS0002|KING0033|KING0034,1,Aldbourne Chase,31,Moonlight,520,Barley Winter,Spring Wheat,09/10/2021,Shallow Chalk,SY Thunderbolt,25,241,MOP 60%,13/04/2022,3218.72,0.28,901,5285,21.93,
LAWT0005|CHAS0002|KING0033|KING0034,1,Aldbourne Chase,51,Mercylands,521,Barley Spring,Winter Wheat,26/03/2022,Medium Chalk,Laureate,20,169,18-46-00 Di Ammonium Phosphate,26/03/2022,1939.39,0.6981,1354,,,
LAWT0005|CHAS0002|KING0033|KING0034,1,Aldbourne Chase,51,Mercylands,521,Barley Spring,Winter Wheat,26/03/2022,Medium Chalk,Laureate,20,169,Liquid 30N,02/05/2022,4550,1.06,4823,,,
LAWT0005|CHAS0002|KING0033|KING0034,1,Aldbourne Chase,51,Mercylands,521,Barley Spring,Winter Wheat,26/03/2022,Medium Chalk,Laureate,20,169,MOP 60%,19/04/2022,975.37,0.28,273,6450,38.17,
LAWT0005|CHAS0002|KING0033|KING0034,1,Aldbourne Chase,42,Trenches 05,522,Wheat Winter,Winter Oilseed Rape,24/10/2021,Medium Chalk,Graham,33,332.64,Liquid 30N,15/05/2022,6440,1.06,6826,,,
LAWT0005|CHAS0002|KING0033|KING0034,1,Aldbourne Chase,42,Trenches 05,522,Wheat Winter,Winter Oilseed Rape,24/10/2021,Medium Chalk,Graham,33,332.64,MOP 60%,13/04/2022,5559.61,0.28,1557,8383,25.20,
LAWT0005|CHAS0002|KING0033|KING0034,1,Aldbourne Chase,30,Long Lane 14,523,Barley Winter,Winter Wheat,09/10/2021,Medium Chalk,SY Thunderbolt,7,62.79,Nitram,03/05/2022,982.05,1.25,1228,,,
LAWT0005|CHAS0002|KING0033|KING0034,1,Aldbourne Chase,30,Long Lane 14,523,Barley Winter,Winter Wheat,09/10/2021,Medium Chalk,SY Thunderbolt,7,62.79,MOP 60%,13/04/2022,1273.93,0.28,357,1584,25.23,
LAWT0005|CHAS0002|KING0033|KING0034,1,Aldbourne Chase,40,Leighs Meadow 14,524,Wheat Winter,Winter Oilseed Rape,18/10/2021,Medium Chalk,Graham,20.5,220.785,Nitram,12/05/2022,3931.95,1.25,4915,4915,22.26,
LAWT0005|CHAS0002|KING0033|KING0034,1,Aldbourne Chase Grassland,35,Woodsend.,525,Wheat Winter,NULL,15/10/2021,Medium Chalk,Graham,10.5,117.915,Nitram,12/05/2022,1769.38,1.25,2212,2212,18.76,
LAWT0005|CHAS0002|KING0033|KING0034,1,Aldbourne Chase,19,Neates Field 2016,527,Rape Winter,Winter Barley,14/08/2021,Medium Chalk,Acacia,14,51.8,18-46-00 Di Ammonium Phosphate,14/08/2021,1773.76,0.6981,1238,,,
LAWT0005|CHAS0002|KING0033|KING0034,1,Aldbourne Chase,19,Neates Field 2016,527,Rape Winter,Winter Barley,14/08/2021,Medium Chalk,Acacia,14,51.8,Ammonium Sulphate,26/02/2022,1750,0.6,1050,2288,44.17,
LAWT0005|CHAS0002|KING0033|KING0034,1,Aldbourne Chase Grassland,34,Kinghams,528,Wheat Winter,NULL,15/10/2021,Medium Chalk,Graham,6.5,75.53,Nitram,12/05/2022,1150.09,1.25,1438,1438,19.03,
LAWT0005|CHAS0002|KING0033|KING0034,1,Aldbourne Chase,36,18 September,529,Wheat Winter,Winter Oilseed Rape,16/10/2021,Shallow Chalk,Graham,14.5,153.555,Nitram,12/05/2022,2850.66,1.25,3563,3563,23.21,
LAWT0005|CHAS0002|KING0033|KING0034,1,Aldbourne Chase,33,The Chase.,530,Wheat Winter,Spring Beans,12/10/2021,Medium Chalk,KWS Extase,20,223.2,Nitram,12/05/2022,3538.75,1.25,4423,4423,19.82,
LAWT0005|CHAS0002|KING0033|KING0034,1,Aldbourne Chase,20,Gaunt Field,531,Rape Winter,Winter Barley,16/08/2021,Medium Chalk,Acacia,24,93.84,18-46-00 Di Ammonium Phosphate,16/08/2021,3040.72,0.6981,2123,,,
LAWT0005|CHAS0002|KING0033|KING0034,1,Aldbourne Chase,20,Gaunt Field,531,Rape Winter,Winter Barley,16/08/2021,Medium Chalk,Acacia,24,93.84,Ammonium Sulphate,26/02/2022,3000,0.6,1800,,,
LAWT0005|CHAS0002|KING0033|KING0034,1,Aldbourne Chase,20,Gaunt Field,531,Rape Winter,Winter Barley,16/08/2021,Medium Chalk,Acacia,24,93.84,MOP 60%,25/03/2022,1091.94,0.28,306,4228,45.06,
LAWT0005|CHAS0002|KING0033|KING0034,1,Aldbourne Chase,52,Bomfords.,532,Beans Dried Spring,Spring Barley,29/03/2022,Medium Chalk,Yukon,14,65.66,MOP 60%,19/04/2022,636.97,0.28,178,178,2.71,
LAWT0005|CHAS0002|KING0033|KING0034,1,Aldbourne Chase,44,Hillwood-,535,Wheat Winter,NULL,26/10/2021,Medium Chalk,KWS Extase,13,111.8,Nitram,10/05/2022,2373.91,1.25,2967,,,
LAWT0005|CHAS0002|KING0033|KING0034,1,Aldbourne Chase,44,Hillwood-,535,Wheat Winter,NULL,26/10/2021,Medium Chalk,KWS Extase,13,111.8,MOP 60%,13/04/2022,1455.92,0.28,408,3375,30.19,
LAWT0005|CHAS0002|KING0033|KING0034,1,Aldbourne Chase,46,Baskervilles,536,Barley Spring,Spring Barley,22/03/2022,Medium Chalk,Laureate,11,71.84,18-46-00 Di Ammonium Phosphate,22/03/2022,1066.67,0.6981,745,,,
LAWT0005|CHAS0002|KING0033|KING0034,1,Aldbourne Chase,46,Baskervilles,536,Barley Spring,Spring Barley,22/03/2022,Medium Chalk,Laureate,11,71.84,Liquid 30N,02/05/2022,2486,1.06,2635,,,
LAWT0005|CHAS0002|KING0033|KING0034,1,Aldbourne Chase,46,Baskervilles,536,Barley Spring,Spring Barley,22/03/2022,Medium Chalk,Laureate,11,71.84,MOP 60%,19/04/2022,545.97,0.28,153,3533,49.17,
LAWT0005|CHAS0002|KING0033|KING0034,1,Aldbourne Chase,21,Hangmans Hill,537,Rape Winter,Spring Barley,18/08/2021,Shallow Chalk,Acacia,13,55.77,18-46-00 Di Ammonium Phosphate,18/08/2021,1647.06,0.6981,1150,,,
LAWT0005|CHAS0002|KING0033|KING0034,1,Aldbourne Chase,21,Hangmans Hill,537,Rape Winter,Spring Barley,18/08/2021,Shallow Chalk,Acacia,13,55.77,Ammonium Sulphate,26/02/2022,1625,0.6,975,,,
LAWT0005|CHAS0002|KING0033|KING0034,1,Aldbourne Chase,21,Hangmans Hill,537,Rape Winter,Spring Barley,18/08/2021,Shallow Chalk,Acacia,13,55.77,MOP 60%,25/03/2022,1546.92,0.28,433,2558,45.87,
LAWT0005|CHAS0002|KING0033|KING0034,1,Aldbourne Chase,48,Hill Bottom,538,Barley Spring,Winter Wheat,22/03/2022,Medium Chalk,Laureate,13,104.91,18-46-00 Di Ammonium Phosphate,22/03/2022,1260.61,0.6981,880,,,
LAWT0005|CHAS0002|KING0033|KING0034,1,Aldbourne Chase,48,Hill Bottom,538,Barley Spring,Winter Wheat,22/03/2022,Medium Chalk,Laureate,13,104.91,Liquid 30N,02/05/2022,2922,1.06,3097,3977,37.91,
LAWT0005|CHAS0002|KING0033|KING0034,1,Aldbourne Chase,37,Hilltop.,539,Wheat Winter,Winter Wheat,16/10/2021,Medium Chalk,Skyfall,16,161.28,Liquid 30N,02/05/2022,2409,1.06,2554,,,
LAWT0005|CHAS0002|KING0033|KING0034,1,Aldbourne Chase,37,Hilltop.,539,Wheat Winter,Winter Wheat,16/10/2021,Medium Chalk,Skyfall,16,161.28,Nitram,18/05/2022,3000,1.25,3750,6304,39.08,
LAWT0005|CHAS0002|KING0033|KING0034,1,Aldbourne Chase,39,Georges Field,541,Wheat Winter,Spring Beans,17/10/2021,Shallow Chalk,Skyfall,30,339,Liquid 30N,02/05/2022,4440,1.06,4706,,,
LAWT0005|CHAS0002|KING0033|KING0034,1,Aldbourne Chase,39,Georges Field,541,Wheat Winter,Spring Beans,17/10/2021,Shallow Chalk,Skyfall,30,339,Nitram,18/05/2022,5400,1.25,6750,,,
LAWT0005|CHAS0002|KING0033|KING0034,1,Aldbourne Chase,39,Georges Field,541,Wheat Winter,Spring Beans,17/10/2021,Shallow Chalk,Skyfall,30,339,MOP 60%,13/04/2022,727.96,0.28,204,11660,34.40,
LAWT0005|CHAS0002|KING0033|KING0034,1,Aldbourne Chase,49,Jones Field,542,Barley Spring,Winter Wheat,24/03/2022,Shallow Chalk,Laureate,25,205.75,18-46-00 Di Ammonium Phosphate,24/03/2022,3781.82,0.6981,2640,,,
LAWT0005|CHAS0002|KING0033|KING0034,1,Aldbourne Chase,49,Jones Field,542,Barley Spring,Winter Wheat,24/03/2022,Shallow Chalk,Laureate,25,205.75,Liquid 30N,02/05/2022,5400,1.06,5724,,,
LAWT0005|CHAS0002|KING0033|KING0034,1,Aldbourne Chase,49,Jones Field,542,Barley Spring,Winter Wheat,24/03/2022,Shallow Chalk,Laureate,25,205.75,MOP 60%,19/04/2022,3548.82,0.28,994,9358,45.48,
LAWT0005|CHAS0002|KING0033|KING0034,1,Aldbourne Chase,22,Rooksbury-,543,Rape Winter,Winter Barley,20/08/2021,Shallow Chalk,Aurelia,11,44.99,18-46-00 Di Ammonium Phosphate,20/08/2021,1174.83,0.6981,820,,,
LAWT0005|CHAS0002|KING0033|KING0034,1,Aldbourne Chase,22,Rooksbury-,543,Rape Winter,Winter Barley,20/08/2021,Shallow Chalk,Aurelia,11,44.99,Ammonium Sulphate,26/02/2022,1375,0.6,825,,,
LAWT0005|CHAS0002|KING0033|KING0034,1,Aldbourne Chase,22,Rooksbury-,543,Rape Winter,Winter Barley,20/08/2021,Shallow Chalk,Aurelia,11,44.99,MOP 60%,25/03/2022,682.76,0.28,191,1836,40.82,
LAWT0005|CHAS0002|KING0033|KING0034,1,Aldbourne Chase,18,Church Field,544,Rape Winter,Winter Barley,13/08/2021,Shallow Chalk,Aurelia,31,105.71,18-46-00 Di Ammonium Phosphate,13/08/2021,3524.48,0.6981,2460,,,
LAWT0005|CHAS0002|KING0033|KING0034,1,Aldbourne Chase,18,Church Field,544,Rape Winter,Winter Barley,13/08/2021,Shallow Chalk,Aurelia,31,105.71,Ammonium Sulphate,26/02/2022,3875,0.6,2325,,,
LAWT0005|CHAS0002|KING0033|KING0034,1,Aldbourne Chase,18,Church Field,544,Rape Winter,Winter Barley,13/08/2021,Shallow Chalk,Aurelia,31,105.71,MOP 60%,25/03/2022,3457.82,0.28,968,5754,54.43,
LAWT0005|CHAS0002|KING0033|KING0034,1,Aldbourne Chase,45,Hills,545,Wheat Winter,Winter Wheat,28/10/2021,Medium Chalk,KWS Extase,17,186.83,Nitram,10/05/2022,3104.35,1.25,3880,,,
LAWT0005|CHAS0002|KING0033|KING0034,1,Aldbourne Chase,45,Hills,545,Wheat Winter,Winter Wheat,28/10/2021,Medium Chalk,KWS Extase,17,186.83,MOP 60%,13/04/2022,1455.92,0.28,408,4288,22.95,
LAWT0005|CHAS0002|KING0033|KING0034,1,Aldbourne Chase,29,Mildenhalls,546,Barley Winter,Winter Wheat,08/10/2021,Shallow Chalk,Belfry,23,207,Ammonium Sulphate,05/03/2022,1700,0.6,1020,,,
LAWT0005|CHAS0002|KING0033|KING0034,1,Aldbourne Chase,29,Mildenhalls,546,Barley Winter,Winter Wheat,08/10/2021,Shallow Chalk,Belfry,23,207,Nitram,18/03/2022,4800,1.25,6000,,,
LAWT0005|CHAS0002|KING0033|KING0034,1,Aldbourne Chase,29,Mildenhalls,546,Barley Winter,Winter Wheat,08/10/2021,Shallow Chalk,Belfry,23,207,MOP 60%,13/04/2022,3608.87,0.28,1010,8030,38.79,
LAWT0005|CHAS0002|KING0033|KING0034,1,Baydon Hole Farm,4,Merricks North,1348,Barley Spring,Spring Barley,21/03/2022,Shallow Chalk,Laureate,18,134.1,18-46-00 Di Ammonium Phosphate,21/03/2022,2400,0.6981,1675,,,
LAWT0005|CHAS0002|KING0033|KING0034,1,Baydon Hole Farm,4,Merricks North,1348,Barley Spring,Spring Barley,21/03/2022,Shallow Chalk,Laureate,18,134.1,Ammonium Sulphate,15/04/2022,1500,0.6,900,2575,19.21,
LAWT0005|CHAS0002|KING0033|KING0034,1,Baydon Hole Farm,1,Merricks South,1349,Wheat Winter,Winter Wheat,26/10/2021,Shallow Chalk,KWS Extase,18,161.64,Liquid 30N,14/04/2022,3605,1.06,3821,,,
LAWT0005|CHAS0002|KING0033|KING0034,1,Baydon Hole Farm,1,Merricks South,1349,Wheat Winter,Winter Wheat,26/10/2021,Shallow Chalk,KWS Extase,18,161.64,Nitram,18/05/2022,1900,1.25,2375,6196,38.33,
LAWT0005|CHAS0002|KING0033|KING0034,1,Baydon Hole Farm,3,Baydon Hole Field,1353,Barley Spring,Spring Barley,20/03/2022,Shallow Chalk,Laureate,13,102.44,18-46-00 Di Ammonium Phosphate,20/03/2022,1733.33,0.6981,1210,,,
LAWT0005|CHAS0002|KING0033|KING0034,1,Baydon Hole Farm,3,Baydon Hole Field,1353,Barley Spring,Spring Barley,20/03/2022,Shallow Chalk,Laureate,13,102.44,Ammonium Sulphate,15/04/2022,1083.33,0.6,650,1860,18.16,
LAWT0005|CHAS0002|KING0033|KING0034,1,Upham Farm,69,Moonlight Upham,1358,Wheat Winter,Spring Beans,14/10/2021,Shallow Chalk,Costello,6,54,Liquid 30-0-0+10SO3,23/03/2022,1051.27,1.4,1472,,,
LAWT0005|CHAS0002|KING0033|KING0034,1,Upham Farm,69,Moonlight Upham,1358,Wheat Winter,Spring Beans,14/10/2021,Shallow Chalk,Costello,6,54,Nitram,14/05/2022,907.56,1.25,1134,2606,48.26,
LAWT0005|CHAS0002|KING0033|KING0034,1,Upham Farm,70,Dew Pond,1359,Wheat Winter,Spring Beans,14/10/2021,Medium Chalk,Costello,20,207,Liquid 30-0-0+10SO3,23/03/2022,3505.81,1.4,4908,,,
LAWT0005|CHAS0002|KING0033|KING0034,1,Upham Farm,70,Dew Pond,1359,Wheat Winter,Spring Beans,14/10/2021,Medium Chalk,Costello,20,207,Nitram,14/05/2022,3126.05,1.25,3908,,,
LAWT0005|CHAS0002|KING0033|KING0034,1,Upham Farm,70,Dew Pond,1359,Wheat Winter,Spring Beans,14/10/2021,Medium Chalk,Costello,20,207,MOP 60%,14/05/2022,3516.28,0.28,985,9800,47.34,
LAWT0005|CHAS0002|KING0033|KING0034,1,Upham Farm,71,Shipley Barn,1360,Wheat Winter,NULL,14/10/2021,Medium Chalk,Costello,21,238.35,18-46-00 Di Ammonium Phosphate,05/04/2022,1144.37,0.6981,799,,,
LAWT0005|CHAS0002|KING0033|KING0034,1,Upham Farm,71,Shipley Barn,1360,Wheat Winter,NULL,14/10/2021,Medium Chalk,Costello,21,238.35,Liquid 30-0-0+10SO3,23/03/2022,3679.91,1.4,5152,,,
LAWT0005|CHAS0002|KING0033|KING0034,1,Upham Farm,71,Shipley Barn,1360,Wheat Winter,NULL,14/10/2021,Medium Chalk,Costello,21,238.35,Nitram,14/05/2022,2823.53,1.25,3529,,,
LAWT0005|CHAS0002|KING0033|KING0034,1,Upham Farm,71,Shipley Barn,1360,Wheat Winter,NULL,14/10/2021,Medium Chalk,Costello,21,238.35,MOP 60%,14/05/2022,3516.28,0.28,985,10465,43.90,
LAWT0005|CHAS0002|KING0033|KING0034,1,Upham Farm,72,Whitelands,1361,Wheat Winter,Winter Oilseed Rape,15/10/2021,Shallow Chalk,Costello,20,210.6,18-46-00 Di Ammonium Phosphate,05/04/2022,3623.84,0.6981,2530,,,
LAWT0005|CHAS0002|KING0033|KING0034,1,Upham Farm,72,Whitelands,1361,Wheat Winter,Winter Oilseed Rape,15/10/2021,Shallow Chalk,Costello,20,210.6,Ammonium Sulphate,05/03/2022,1500,0.6,900,,,
LAWT0005|CHAS0002|KING0033|KING0034,1,Upham Farm,72,Whitelands,1361,Wheat Winter,Winter Oilseed Rape,15/10/2021,Shallow Chalk,Costello,20,210.6,Nitram,14/05/2022,2521.01,1.25,3151,,,
LAWT0005|CHAS0002|KING0033|KING0034,1,Upham Farm,72,Whitelands,1361,Wheat Winter,Winter Oilseed Rape,15/10/2021,Shallow Chalk,Costello,20,210.6,Nitram,26/03/2022,3900,1.25,4875,,,
LAWT0005|CHAS0002|KING0033|KING0034,1,Upham Farm,72,Whitelands,1361,Wheat Winter,Winter Oilseed Rape,15/10/2021,Shallow Chalk,Costello,20,210.6,MOP 60%,14/05/2022,683.72,0.28,191,11648,55.31,
LAWT0005|CHAS0002|KING0033|KING0034,1,Upham Farm,72,Shipley East,1362,Wheat Winter,Winter Oilseed Rape,15/10/2021,Shallow Chalk,Costello,20,204,18-46-00 Di Ammonium Phosphate,05/04/2022,3242.38,0.6981,2264,,,
LAWT0005|CHAS0002|KING0033|KING0034,1,Upham Farm,72,Shipley East,1362,Wheat Winter,Winter Oilseed Rape,15/10/2021,Shallow Chalk,Costello,20,204,Ammonium Sulphate,05/03/2022,1500,0.6,900,,,
LAWT0005|CHAS0002|KING0033|KING0034,1,Upham Farm,72,Shipley East,1362,Wheat Winter,Winter Oilseed Rape,15/10/2021,Shallow Chalk,Costello,20,204,Nitram,26/03/2022,3900,1.25,4875,,,
LAWT0005|CHAS0002|KING0033|KING0034,1,Upham Farm,72,Shipley East,1362,Wheat Winter,Winter Oilseed Rape,15/10/2021,Shallow Chalk,Costello,20,204,Nitram,14/05/2022,2621.85,1.25,3277,,,
LAWT0005|CHAS0002|KING0033|KING0034,1,Upham Farm,72,Shipley East,1362,Wheat Winter,Winter Oilseed Rape,15/10/2021,Shallow Chalk,Costello,20,204,MOP 60%,14/05/2022,1660.47,0.28,465,11781,57.75,
LAWT0005|CHAS0002|KING0033|KING0034,1,Upham Farm,73,Malters Ridgeway,1364,Beans Dried Spring,Winter Wheat,28/03/2022,Medium Chalk,Fuego,31,140.74,MOP 60%,14/05/2022,2148.84,0.28,602,602,4.28,
LAWT0005|CHAS0002|KING0033|KING0034,1,Upham Farm,65,English Dene,1367,Rape Winter,Winter Barley,24/08/2021,Medium Chalk,Aurelia,15,52.8,Ammonium Sulphate,28/02/2022,1894.74,0.6,1137,,,
LAWT0005|CHAS0002|KING0033|KING0034,1,Upham Farm,65,English Dene,1367,Rape Winter,Winter Barley,24/08/2021,Medium Chalk,Aurelia,15,52.8,Liquid 30-0-0+10SO3,13/03/2022,2771.53,1.4,3880,,,
LAWT0005|CHAS0002|KING0033|KING0034,1,Upham Farm,65,English Dene,1367,Rape Winter,Winter Barley,24/08/2021,Medium Chalk,Aurelia,15,52.8,Nitram,30/03/2022,2134.95,1.25,2669,,,
LAWT0005|CHAS0002|KING0033|KING0034,1,Upham Farm,65,English Dene,1367,Rape Winter,Winter Barley,24/08/2021,Medium Chalk,Aurelia,15,52.8,Poultry Manure,17/08/2021,80.85366,,,7686,145.56,
LAWT0005|CHAS0002|KING0033|KING0034,1,Upham Farm,66,Reclaimed Down Uph,1368,Rape Winter,Winter Barley,25/08/2021,Medium Chalk,Aurelia,24,77.76,18-46-00 Di Ammonium Phosphate,05/04/2022,1430.46,0.6981,999,,,
LAWT0005|CHAS0002|KING0033|KING0034,1,Upham Farm,66,Reclaimed Down Uph,1368,Rape Winter,Winter Barley,25/08/2021,Medium Chalk,Aurelia,24,77.76,Ammonium Sulphate,28/02/2022,3031.58,0.6,1819,,,
LAWT0005|CHAS0002|KING0033|KING0034,1,Upham Farm,66,Reclaimed Down Uph,1368,Rape Winter,Winter Barley,25/08/2021,Medium Chalk,Aurelia,24,77.76,Liquid 30-0-0+10SO3,13/03/2022,4305.38,1.4,6028,,,
LAWT0005|CHAS0002|KING0033|KING0034,1,Upham Farm,66,Reclaimed Down Uph,1368,Rape Winter,Winter Barley,25/08/2021,Medium Chalk,Aurelia,24,77.76,Nitram,30/03/2022,4190.2,1.25,5238,,,
LAWT0005|CHAS0002|KING0033|KING0034,1,Upham Farm,66,Reclaimed Down Uph,1368,Rape Winter,Winter Barley,25/08/2021,Medium Chalk,Aurelia,24,77.76,Poultry Manure,17/08/2021,114.14634,,,14083,181.11,
LAWT0005|CHAS0002|KING0033|KING0034,1,Upham Farm,68,Summerleaze,1369,Barley Winter,Winter Wheat,12/10/2021,Shallow Chalk,Maris Otter,16,105.76,Liquid 30-0-0+10SO3,15/03/2022,3030.79,1.4,4243,,,
LAWT0005|CHAS0002|KING0033|KING0034,1,Upham Farm,68,Summerleaze,1369,Barley Winter,Winter Wheat,12/10/2021,Shallow Chalk,Maris Otter,16,105.76,Liquid 30-0-0+10SO3,11/04/2022,2507,1.4,3510,,,
LAWT0005|CHAS0002|KING0033|KING0034,1,Upham Farm,68,Summerleaze,1369,Barley Winter,Winter Wheat,12/10/2021,Shallow Chalk,Maris Otter,16,105.76,MOP 60%,14/05/2022,1074.42,0.28,301,8054,76.15,
LAWT0005|CHAS0002|KING0033|KING0034,1,Upham Farm,67,Pumphouse,1370,Barley Winter,Winter Wheat,10/10/2021,Medium Chalk,SY Armadillo,15,114.26,Liquid 30-0-0+10SO3,11/04/2022,1350,1.4,1890,,,
LAWT0005|CHAS0002|KING0033|KING0034,1,Upham Farm,67,Pumphouse,1370,Barley Winter,Winter Wheat,10/10/2021,Medium Chalk,SY Armadillo,15,114.26,Liquid 30-0-0+10SO3,21/03/2022,2901.16,1.4,4062,,,
LAWT0005|CHAS0002|KING0033|KING0034,1,Upham Farm,67,Pumphouse,1370,Barley Winter,Winter Wheat,10/10/2021,Medium Chalk,SY Armadillo,15,114.26,Nitram,03/05/2022,2160,1.25,2700,8652,75.72,
LAWT0005|CHAS0002|KING0033|KING0034,1,Chasewoods Farm,12,Baydon Road,1376,Wheat Winter,Winter Oats,14/10/2021,Shallow Chalk,KWS Extase,32,344,18-46-00 Di Ammonium Phosphate,05/04/2022,2765.56,0.6981,1931,,,
LAWT0005|CHAS0002|KING0033|KING0034,1,Chasewoods Farm,12,Baydon Road,1376,Wheat Winter,Winter Oats,14/10/2021,Shallow Chalk,KWS Extase,32,344,Liquid 30-0-0+10SO3,15/05/2022,6460,1.4,9044,,,
LAWT0005|CHAS0002|KING0033|KING0034,1,Chasewoods Farm,12,Baydon Road,1376,Wheat Winter,Winter Oats,14/10/2021,Shallow Chalk,KWS Extase,32,344,Liquid 30-0-0+10SO3,21/03/2022,5632,1.4,7885,18859,54.82,
LAWT0005|CHAS0002|KING0033|KING0034,1,Aldbourne Chase,27,27 Acres 16,3776,Barley Winter,Winter Wheat,08/10/2021,Medium Chalk,SY Kingsbarn,11,91.52,Ammonium Sulphate,05/03/2022,800,0.6,480,,,
LAWT0005|CHAS0002|KING0033|KING0034,1,Aldbourne Chase,27,27 Acres 16,3776,Barley Winter,Winter Wheat,08/10/2021,Medium Chalk,SY Kingsbarn,11,91.52,Nitram,03/05/2022,1102.3,1.25,1378,,,
LAWT0005|CHAS0002|KING0033|KING0034,1,Aldbourne Chase,27,27 Acres 16,3776,Barley Winter,Winter Wheat,08/10/2021,Medium Chalk,SY Kingsbarn,11,91.52,Nitram,14/03/2022,2376,1.25,2970,,,
LAWT0005|CHAS0002|KING0033|KING0034,1,Aldbourne Chase,27,27 Acres 16,3776,Barley Winter,Winter Wheat,08/10/2021,Medium Chalk,SY Kingsbarn,11,91.52,MOP 60%,13/04/2022,1455.92,0.28,408,5236,57.21,
LAWT0005|CHAS0002|KING0033|KING0034,1,Aldbourne Chase,28,38 Acres.,3777,Barley Winter,Winter Wheat,08/10/2021,Medium Chalk,SY Kingsbarn,14,121.1,Ammonium Sulphate,05/03/2022,1100,0.6,660,,,
LAWT0005|CHAS0002|KING0033|KING0034,1,Aldbourne Chase,28,38 Acres.,3777,Barley Winter,Winter Wheat,08/10/2021,Medium Chalk,SY Kingsbarn,14,121.1,Nitram,03/05/2022,1402.92,1.25,1754,,,
LAWT0005|CHAS0002|KING0033|KING0034,1,Aldbourne Chase,28,38 Acres.,3777,Barley Winter,Winter Wheat,08/10/2021,Medium Chalk,SY Kingsbarn,14,121.1,Nitram,14/03/2022,3024,1.25,3780,,,
LAWT0005|CHAS0002|KING0033|KING0034,1,Aldbourne Chase,28,38 Acres.,3777,Barley Winter,Winter Wheat,08/10/2021,Medium Chalk,SY Kingsbarn,14,121.1,MOP 60%,13/04/2022,1091.94,0.28,306,6499,53.67,
LAWT0005|CHAS0002|KING0033|KING0034,1,Aldbourne Chase,47,Miss Gentry,3780,Barley Spring,Spring Barley,22/03/2022,Shallow Chalk,Laureate,12,92.28,18-46-00 Di Ammonium Phosphate,22/03/2022,1163.64,0.6981,812,,,
LAWT0005|CHAS0002|KING0033|KING0034,1,Aldbourne Chase,47,Miss Gentry,3780,Barley Spring,Spring Barley,22/03/2022,Shallow Chalk,Laureate,12,92.28,Liquid 30N,02/05/2022,2679,1.06,2840,,,
LAWT0005|CHAS0002|KING0033|KING0034,1,Aldbourne Chase,47,Miss Gentry,3780,Barley Spring,Spring Barley,22/03/2022,Shallow Chalk,Laureate,12,92.28,MOP 60%,19/04/2022,1658.13,0.28,464,4116,44.61,
LAWT0005|CHAS0002|KING0033|KING0034,1,Aldbourne Chase,16,Lower Barn-,3781,Rape Winter,Winter Barley,11/08/2021,Medium Chalk,Aurelia,9.5,29.64,18-46-00 Di Ammonium Phosphate,11/08/2021,1174.83,0.6981,820,,,
LAWT0005|CHAS0002|KING0033|KING0034,1,Aldbourne Chase,16,Lower Barn-,3781,Rape Winter,Winter Barley,11/08/2021,Medium Chalk,Aurelia,9.5,29.64,Ammonium Sulphate,26/02/2022,1187.5,0.6,713,,,
LAWT0005|CHAS0002|KING0033|KING0034,1,Aldbourne Chase,16,Lower Barn-,3781,Rape Winter,Winter Barley,11/08/2021,Medium Chalk,Aurelia,9.5,29.64,MOP 60%,05/04/2022,909.95,0.28,255,1787,60.30,
LAWT0005|CHAS0002|KING0033|KING0034,1,Aldbourne Chase,50,Miss Taylor,3782,Barley Spring,Winter Wheat,25/03/2022,Shallow Chalk,Laureate,4,28.1106,18-46-00 Di Ammonium Phosphate,25/03/2022,387.88,0.6981,271,,,
LAWT0005|CHAS0002|KING0033|KING0034,1,Aldbourne Chase,50,Miss Taylor,3782,Barley Spring,Winter Wheat,25/03/2022,Shallow Chalk,Laureate,4,28.1106,Liquid 30N,02/05/2022,989,1.06,1048,,,
LAWT0005|CHAS0002|KING0033|KING0034,1,Aldbourne Chase,50,Miss Taylor,3782,Barley Spring,Winter Wheat,25/03/2022,Shallow Chalk,Laureate,4,28.1106,MOP 60%,19/04/2022,682.76,0.28,191,1510,53.73,
LAWT0005|CHAS0002|KING0033|KING0034,1,Aldbourne Chase,17,The Down-,3783,Rape Winter,Winter Barley,11/08/2021,Shallow Chalk,Aurelia,17.5,63,Ammonium Sulphate,26/02/2022,2187.5,0.6,1313,,,
LAWT0005|CHAS0002|KING0033|KING0034,1,Aldbourne Chase,17,The Down-,3783,Rape Winter,Winter Barley,11/08/2021,Shallow Chalk,Aurelia,17.5,63,Poultry Manure,29/07/2021,100,,,1313,20.83,
LAWT0005|CHAS0002|KING0033|KING0034,1,Aldbourne Chase,26,Mildenhall Bank,27876,Barley Winter,Winter Wheat,08/10/2021,Medium Chalk,Belfry,8,75.36,Nitram,03/05/2022,641.34,1.25,802,,,
LAWT0005|CHAS0002|KING0033|KING0034,1,Aldbourne Chase,26,Mildenhall Bank,27876,Barley Winter,Winter Wheat,08/10/2021,Medium Chalk,Belfry,8,75.36,MOP 60%,13/04/2022,1267.98,0.28,355,1157,15.35,
LAWT0005|CHAS0002|KING0033|KING0034,1,Aldbourne Chase,38,Stapletons 15,44879,Wheat Winter,Spring Barley,17/10/2021,Medium Chalk,KWS Extase,12,136.08,Nitram,12/05/2022,2359.17,1.25,2949,2949,21.67,
LAWT0005|CHAS0002|KING0033|KING0034,1,Aldbourne Chase,28,The Hook 15,44880,Barley Winter,Winter Wheat,08/10/2021,Medium Chalk,Belfry,14,118.72,Nitram,03/05/2022,1964.09,1.25,2455,,,
LAWT0005|CHAS0002|KING0033|KING0034,1,Aldbourne Chase,28,The Hook 15,44880,Barley Winter,Winter Wheat,08/10/2021,Medium Chalk,Belfry,14,118.72,MOP 60%,13/04/2022,1365.52,0.28,382,2837,23.90,
LAWT0005|CHAS0002|KING0033|KING0034,1,Aldbourne Chase,24,News Field,300349,Wheat Winter,Spring Beans,27/09/2021,Medium Chalk,KWS Extase,9,96.66,Nitram,10/05/2022,1460.87,1.25,1826,1826,18.89,
LAWT0005|CHAS0002|KING0033|KING0034,1,Aldbourne Chase,23,Masons,300350,Wheat Winter,Spring Beans,27/09/2021,Medium Chalk,KWS Extase,2,19.94,Nitram,10/05/2022,365.22,1.25,457,457,22.89,
LAWT0005|CHAS0002|KING0033|KING0034,1,Chasewoods Farm,11,Firs Field,381575,Oats Winter,Winter Wheat,11/10/2021,Medium Chalk,Mascani,18,154.98,18-46-00 Di Ammonium Phosphate,05/04/2022,3051.66,0.6981,2130,,,
LAWT0005|CHAS0002|KING0033|KING0034,1,Chasewoods Farm,11,Firs Field,381575,Oats Winter,Winter Wheat,11/10/2021,Medium Chalk,Mascani,18,154.98,Nitram,14/04/2022,1705.26,1.25,2132,4262,27.50,
WHAT0011,2,Burderop,86,Burderop Meadow,908,Barley Winter,Winter Wheat,27/09/2021,Medium Chalk,SY Armadillo,8.5,74.24963,Ammonium Sulphate,22/03/2022,595,0.6,357,,,
WHAT0011,2,Burderop,86,Burderop Meadow,908,Barley Winter,Winter Wheat,27/09/2021,Medium Chalk,SY Armadillo,8.5,74.24963,TSP 46%,21/01/2022,1600,0.6981,1117,,,
WHAT0011,2,Burderop,86,Burderop Meadow,908,Barley Winter,Winter Wheat,27/09/2021,Medium Chalk,SY Armadillo,8.5,74.24963,Urea 46%,26/02/2022,1275,1.52,1938,,,
WHAT0011,2,Burderop,86,Burderop Meadow,908,Barley Winter,Winter Wheat,27/09/2021,Medium Chalk,SY Armadillo,8.5,74.24963,Urea 46%,30/03/2022,585,1.52,889,,,
WHAT0011,2,Burderop,86,Burderop Meadow,908,Barley Winter,Winter Wheat,27/09/2021,Medium Chalk,SY Armadillo,8.5,74.24963,Urea 46%,13/04/2022,765,1.52,1163,5464,73.59,
WHAT0011,2,Burderop,96,Butts Road,909,Wheat Winter,Winter Beans,11/10/2021,Medium Soil,Graham,18.5,211.63793,Ammonium Sulphate,22/03/2022,1295,0.6,777,,,
WHAT0011,2,Burderop,96,Butts Road,909,Wheat Winter,Winter Beans,11/10/2021,Medium Soil,Graham,18.5,211.63793,MOP 60%,18/03/2022,2600,0.28,728,,,
WHAT0011,2,Burderop,96,Butts Road,909,Wheat Winter,Winter Beans,11/10/2021,Medium Soil,Graham,18.5,211.63793,TSP 46%,25/11/2021,4000,0.6981,2792,,,
WHAT0011,2,Burderop,96,Butts Road,909,Wheat Winter,Winter Beans,11/10/2021,Medium Soil,Graham,18.5,211.63793,Urea 46%,07/03/2022,2775,1.52,4218,,,
WHAT0011,2,Burderop,96,Butts Road,909,Wheat Winter,Winter Beans,11/10/2021,Medium Soil,Graham,18.5,211.63793,Urea 46%,05/04/2022,2867.5,1.52,4359,,,
WHAT0011,2,Burderop,96,Butts Road,909,Wheat Winter,Winter Beans,11/10/2021,Medium Soil,Graham,18.5,211.63793,Urea 46%,25/04/2022,1295,1.52,1968,14842,70.13,
WHAT0011,2,Burderop,90,Copse,910,Wheat Winter,Winter Wheat,07/10/2021,Medium Soil,KWS Extase,20,199.47992,Ammonium Sulphate,22/03/2022,1400,0.6,840,,,
WHAT0011,2,Burderop,90,Copse,910,Wheat Winter,Winter Wheat,07/10/2021,Medium Soil,KWS Extase,20,199.47992,MOP 60%,24/03/2022,4000,0.28,1120,,,
WHAT0011,2,Burderop,90,Copse,910,Wheat Winter,Winter Wheat,07/10/2021,Medium Soil,KWS Extase,20,199.47992,TSP 46%,21/01/2022,1700,0.6981,1187,,,
WHAT0011,2,Burderop,90,Copse,910,Wheat Winter,Winter Wheat,07/10/2021,Medium Soil,KWS Extase,20,199.47992,Urea 46%,28/02/2022,3400,1.52,5168,,,
WHAT0011,2,Burderop,90,Copse,910,Wheat Winter,Winter Wheat,07/10/2021,Medium Soil,KWS Extase,20,199.47992,Urea 46%,04/04/2022,3100,1.52,4712,,,
WHAT0011,2,Burderop,90,Copse,910,Wheat Winter,Winter Wheat,07/10/2021,Medium Soil,KWS Extase,20,199.47992,Urea 46%,21/04/2022,1400,1.52,2128,15155,75.97,
WHAT0011,2,Burderop,99,Cowleaze,911,Wheat Winter,Winter Wheat,15/10/2021,Medium Chalk,KWS Extase,8.5,70.27246,Ammonium Sulphate,22/03/2022,595,0.6,357,,,
WHAT0011,2,Burderop,99,Cowleaze,911,Wheat Winter,Winter Wheat,15/10/2021,Medium Chalk,KWS Extase,8.5,70.27246,MOP 60%,24/03/2022,1700,0.28,476,,,
WHAT0011,2,Burderop,99,Cowleaze,911,Wheat Winter,Winter Wheat,15/10/2021,Medium Chalk,KWS Extase,8.5,70.27246,TSP 46%,25/11/2021,900,0.6981,628,,,
WHAT0011,2,Burderop,99,Cowleaze,911,Wheat Winter,Winter Wheat,15/10/2021,Medium Chalk,KWS Extase,8.5,70.27246,Urea 46%,04/04/2022,1317.5,1.52,2003,,,
WHAT0011,2,Burderop,99,Cowleaze,911,Wheat Winter,Winter Wheat,15/10/2021,Medium Chalk,KWS Extase,8.5,70.27246,Urea 46%,21/04/2022,595,1.52,904,,,
WHAT0011,2,Burderop,99,Cowleaze,911,Wheat Winter,Winter Wheat,15/10/2021,Medium Chalk,KWS Extase,8.5,70.27246,Urea 46%,28/02/2022,1445,1.52,2196,6565,93.42,
WHAT0011,2,Burderop,85,Crescent,912,Rape Winter,Winter Barley,22/08/2021,Medium Chalk,Aardvark,32.5,86.28735,Ammonium Sulphate,10/03/2022,4225,0.6,2535,,,
WHAT0011,2,Burderop,85,Crescent,912,Rape Winter,Winter Barley,22/08/2021,Medium Chalk,Aardvark,32.5,86.28735,MOP 60%,18/03/2022,3100,0.28,868,,,
WHAT0011,2,Burderop,85,Crescent,912,Rape Winter,Winter Barley,22/08/2021,Medium Chalk,Aardvark,32.5,86.28735,TSP 46%,25/11/2021,4700,0.6981,3281,,,
WHAT0011,2,Burderop,85,Crescent,912,Rape Winter,Winter Barley,22/08/2021,Medium Chalk,Aardvark,32.5,86.28735,Urea 46%,21/03/2022,4225,1.52,6422,,,
WHAT0011,2,Burderop,85,Crescent,912,Rape Winter,Winter Barley,22/08/2021,Medium Chalk,Aardvark,32.5,86.28735,Urea 46%,28/02/2022,4875,1.52,7410,,,
WHAT0011,2,Burderop,85,Crescent,912,Rape Winter,Winter Barley,22/08/2021,Medium Chalk,Aardvark,32.5,86.28735,Urea 46%,22/08/2021,2560,1.52,3891,24407,282.86,
WHAT0011,2,Burderop,84,Dairy Seeds,913,Rape Winter,Winter Barley,04/08/2021,Medium Chalk,Aardvark,19.5,81.97463,Ammonium Sulphate,10/03/2022,2535,0.6,1521,,,
WHAT0011,2,Burderop,84,Dairy Seeds,913,Rape Winter,Winter Barley,04/08/2021,Medium Chalk,Aardvark,19.5,81.97463,TSP 46%,25/11/2021,3100,0.6981,2164,,,
WHAT0011,2,Burderop,84,Dairy Seeds,913,Rape Winter,Winter Barley,04/08/2021,Medium Chalk,Aardvark,19.5,81.97463,Urea 46%,21/03/2022,2535,1.52,3853,,,
WHAT0011,2,Burderop,84,Dairy Seeds,913,Rape Winter,Winter Barley,04/08/2021,Medium Chalk,Aardvark,19.5,81.97463,Urea 46%,01/08/2021,1560,1.52,2371,,,
WHAT0011,2,Burderop,84,Dairy Seeds,913,Rape Winter,Winter Barley,04/08/2021,Medium Chalk,Aardvark,19.5,81.97463,Urea 46%,28/02/2022,2925,1.52,4446,14356,175.12,
WHAT0011,2,Burderop,87,Down Butcher,914,Barley Winter,Winter Wheat,29/09/2021,Medium Chalk,SY Kingsbarn,51.5,593.33417,Ammonium Sulphate,22/03/2022,3605,0.6,2163,,,
WHAT0011,2,Burderop,87,Down Butcher,914,Barley Winter,Winter Wheat,29/09/2021,Medium Chalk,SY Kingsbarn,51.5,593.33417,MOP 60%,24/03/2022,9200,0.28,2576,,,
WHAT0011,2,Burderop,87,Down Butcher,914,Barley Winter,Winter Wheat,29/09/2021,Medium Chalk,SY Kingsbarn,51.5,593.33417,Urea 46%,07/03/2022,7725,1.52,11742,,,
WHAT0011,2,Burderop,87,Down Butcher,914,Barley Winter,Winter Wheat,29/09/2021,Medium Chalk,SY Kingsbarn,51.5,593.33417,Urea 46%,25/04/2022,3605,1.52,5480,,,
WHAT0011,2,Burderop,87,Down Butcher,914,Barley Winter,Winter Wheat,29/09/2021,Medium Chalk,SY Kingsbarn,51.5,593.33417,TSP 46%,21/01/2022,7400,0.6981,5166,,,
WHAT0011,2,Burderop,87,Down Butcher,914,Barley Winter,Winter Wheat,29/09/2021,Medium Chalk,SY Kingsbarn,51.5,593.33417,Urea 46%,05/04/2022,7982.5,1.52,12133,39260,66.17,
WHAT0011,2,Burderop,91,The Flat,916,Wheat Winter,Winter Oilseed Rape,08/10/2021,Medium Chalk,KWS Extase,14,171.84651,Ammonium Sulphate,22/03/2022,980,0.6,588,,,
WHAT0011,2,Burderop,91,The Flat,916,Wheat Winter,Winter Oilseed Rape,08/10/2021,Medium Chalk,KWS Extase,14,171.84651,MOP 60%,24/03/2022,2800,0.28,784,,,
WHAT0011,2,Burderop,91,The Flat,916,Wheat Winter,Winter Oilseed Rape,08/10/2021,Medium Chalk,KWS Extase,14,171.84651,TSP 46%,21/01/2022,1800,0.6981,1257,,,
WHAT0011,2,Burderop,91,The Flat,916,Wheat Winter,Winter Oilseed Rape,08/10/2021,Medium Chalk,KWS Extase,14,171.84651,Urea 46%,07/03/2022,2100,1.52,3192,,,
WHAT0011,2,Burderop,91,The Flat,916,Wheat Winter,Winter Oilseed Rape,08/10/2021,Medium Chalk,KWS Extase,14,171.84651,Urea 46%,05/04/2022,2170,1.52,3298,,,
WHAT0011,2,Burderop,91,The Flat,916,Wheat Winter,Winter Oilseed Rape,08/10/2021,Medium Chalk,KWS Extase,14,171.84651,Urea 46%,25/04/2022,980,1.52,1490,10609,61.73,
WHAT0011,2,Burderop,102,Hackpen,917,Wheat Winter,Winter Beans,15/10/2021,Medium Chalk,KWS Extase,30,360,Ammonium Sulphate,22/03/2022,2100,0.6,1260,,,
WHAT0011,2,Burderop,102,Hackpen,917,Wheat Winter,Winter Beans,15/10/2021,Medium Chalk,KWS Extase,30,360,TSP 46%,24/11/2021,6600,0.6981,4607,,,
WHAT0011,2,Burderop,102,Hackpen,917,Wheat Winter,Winter Beans,15/10/2021,Medium Chalk,KWS Extase,30,360,Urea 46%,05/04/2022,4650,1.52,7068,,,
WHAT0011,2,Burderop,102,Hackpen,917,Wheat Winter,Winter Beans,15/10/2021,Medium Chalk,KWS Extase,30,360,Urea 46%,25/04/2022,2100,1.52,3192,,,
WHAT0011,2,Burderop,102,Hackpen,917,Wheat Winter,Winter Beans,15/10/2021,Medium Chalk,KWS Extase,30,360,Urea 46%,07/03/2022,4500,1.52,6840,22967,63.80,
WHAT0011,2,Burderop,106,Hodson Meadow,919,Beans Dried Winter,Winter Barley,19/10/2021,Medium Chalk,Vespa,27,126.20723,MOP 60%,28/03/2022,2200,0.28,616,,,
WHAT0011,2,Burderop,106,Hodson Meadow,919,Beans Dried Winter,Winter Barley,19/10/2021,Medium Chalk,Vespa,27,126.20723,TSP 46%,31/01/2022,2900,0.6981,2024,2640,20.92,
WHAT0011,2,Burderop,103,Landing Ground,920,Wheat Winter,Winter Wheat,16/10/2021,Medium Chalk,KWS Extase,27,297,Ammonium Sulphate,22/03/2022,1890,0.6,1134,,,
WHAT0011,2,Burderop,103,Landing Ground,920,Wheat Winter,Winter Wheat,16/10/2021,Medium Chalk,KWS Extase,27,297,TSP 46%,24/11/2021,4200,0.6981,2932,,,
WHAT0011,2,Burderop,103,Landing Ground,920,Wheat Winter,Winter Wheat,16/10/2021,Medium Chalk,KWS Extase,27,297,Urea 46%,28/02/2022,4590,1.52,6977,,,
WHAT0011,2,Burderop,103,Landing Ground,920,Wheat Winter,Winter Wheat,16/10/2021,Medium Chalk,KWS Extase,27,297,Urea 46%,04/04/2022,4185,1.52,6361,,,
WHAT0011,2,Burderop,103,Landing Ground,920,Wheat Winter,Winter Wheat,16/10/2021,Medium Chalk,KWS Extase,27,297,Urea 46%,21/04/2022,1890,1.52,2873,20277,68.27,
WHAT0011,2,Burderop,104,Long Meadow,921,Wheat Winter,Winter Wheat,17/10/2021,Medium Chalk,KWS Extase,5,57.32411,Ammonium Sulphate,22/03/2022,350,0.6,210,,,
WHAT0011,2,Burderop,104,Long Meadow,921,Wheat Winter,Winter Wheat,17/10/2021,Medium Chalk,KWS Extase,5,57.32411,TSP 46%,21/01/2022,1300,0.6981,908,,,
WHAT0011,2,Burderop,104,Long Meadow,921,Wheat Winter,Winter Wheat,17/10/2021,Medium Chalk,KWS Extase,5,57.32411,Urea 46%,28/02/2022,850,1.52,1292,,,
WHAT0011,2,Burderop,104,Long Meadow,921,Wheat Winter,Winter Wheat,17/10/2021,Medium Chalk,KWS Extase,5,57.32411,Urea 46%,04/04/2022,775,1.52,1178,,,
WHAT0011,2,Burderop,104,Long Meadow,921,Wheat Winter,Winter Wheat,17/10/2021,Medium Chalk,KWS Extase,5,57.32411,Urea 46%,21/04/2022,350,1.52,532,4120,71.86,
WHAT0011,2,Burderop,83,Lords Lane,922,Rape Winter,Winter Barley,04/08/2021,Medium Chalk,Aardvark,19,81.7549,Ammonium Sulphate,10/03/2022,2470,0.6,1482,,,
WHAT0011,2,Burderop,83,Lords Lane,922,Rape Winter,Winter Barley,04/08/2021,Medium Chalk,Aardvark,19,81.7549,TSP 46%,31/01/2022,1000,0.6981,698,,,
WHAT0011,2,Burderop,83,Lords Lane,922,Rape Winter,Winter Barley,04/08/2021,Medium Chalk,Aardvark,19,81.7549,Urea 46%,01/08/2021,1520,1.52,2310,,,
WHAT0011,2,Burderop,83,Lords Lane,922,Rape Winter,Winter Barley,04/08/2021,Medium Chalk,Aardvark,19,81.7549,Urea 46%,28/02/2022,2850,1.52,4332,,,
WHAT0011,2,Burderop,83,Lords Lane,922,Rape Winter,Winter Barley,04/08/2021,Medium Chalk,Aardvark,19,81.7549,Urea 46%,21/03/2022,2470,1.52,3754,12577,153.84,
WHAT0011,2,Burderop,100,New Meadows,924,Wheat Winter,Winter Wheat,15/10/2021,Medium Chalk,KWS Extase,8.5,75.10726,Ammonium Sulphate,22/03/2022,595,0.6,357,,,
WHAT0011,2,Burderop,100,New Meadows,924,Wheat Winter,Winter Wheat,15/10/2021,Medium Chalk,KWS Extase,8.5,75.10726,MOP 60%,28/03/2022,1700,0.28,476,,,
WHAT0011,2,Burderop,100,New Meadows,924,Wheat Winter,Winter Wheat,15/10/2021,Medium Chalk,KWS Extase,8.5,75.10726,TSP 46%,24/11/2021,1700,0.6981,1187,,,
WHAT0011,2,Burderop,100,New Meadows,924,Wheat Winter,Winter Wheat,15/10/2021,Medium Chalk,KWS Extase,8.5,75.10726,Urea 46%,28/02/2022,1445,1.52,2196,,,
WHAT0011,2,Burderop,100,New Meadows,924,Wheat Winter,Winter Wheat,15/10/2021,Medium Chalk,KWS Extase,8.5,75.10726,Urea 46%,04/04/2022,1317.5,1.52,2003,,,
WHAT0011,2,Burderop,100,New Meadows,924,Wheat Winter,Winter Wheat,15/10/2021,Medium Chalk,KWS Extase,8.5,75.10726,Urea 46%,21/04/2022,595,1.52,904,7123,94.84,
WHAT0011,2,Burderop,101,Seventy Acres,926,Wheat Winter,Winter Wheat,15/10/2021,Medium Chalk,KWS Extase,23,244.77591,Ammonium Sulphate,22/03/2022,1610,0.6,966,,,
WHAT0011,2,Burderop,101,Seventy Acres,926,Wheat Winter,Winter Wheat,15/10/2021,Medium Chalk,KWS Extase,23,244.77591,MOP 60%,28/03/2022,4000,0.28,1120,,,
WHAT0011,2,Burderop,101,Seventy Acres,926,Wheat Winter,Winter Wheat,15/10/2021,Medium Chalk,KWS Extase,23,244.77591,TSP 46%,25/11/2021,3300,0.6981,2304,,,
WHAT0011,2,Burderop,101,Seventy Acres,926,Wheat Winter,Winter Wheat,15/10/2021,Medium Chalk,KWS Extase,23,244.77591,Urea 46%,28/02/2022,3910,1.52,5943,,,
WHAT0011,2,Burderop,101,Seventy Acres,926,Wheat Winter,Winter Wheat,15/10/2021,Medium Chalk,KWS Extase,23,244.77591,Urea 46%,04/04/2022,3565,1.52,5419,,,
WHAT0011,2,Burderop,101,Seventy Acres,926,Wheat Winter,Winter Wheat,15/10/2021,Medium Chalk,KWS Extase,23,244.77591,Urea 46%,21/04/2022,1610,1.52,2447,18199,74.35,
WHAT0011,2,Burderop,93,Thund/lightning,927,Wheat Winter,Winter Oilseed Rape,09/10/2021,Medium Chalk,KWS Extase,51.5,651.11525,Ammonium Sulphate,22/03/2022,3605,0.6,2163,,,
WHAT0011,2,Burderop,93,Thund/lightning,927,Wheat Winter,Winter Oilseed Rape,09/10/2021,Medium Chalk,KWS Extase,51.5,651.11525,MOP 60%,24/03/2022,5100,0.28,1428,,,
WHAT0011,2,Burderop,93,Thund/lightning,927,Wheat Winter,Winter Oilseed Rape,09/10/2021,Medium Chalk,KWS Extase,51.5,651.11525,Urea 46%,30/03/2022,5150,1.52,7828,,,
WHAT0011,2,Burderop,93,Thund/lightning,927,Wheat Winter,Winter Oilseed Rape,09/10/2021,Medium Chalk,KWS Extase,51.5,651.11525,Urea 46%,13/04/2022,4635,1.52,7045,,,
WHAT0011,2,Burderop,93,Thund/lightning,927,Wheat Winter,Winter Oilseed Rape,09/10/2021,Medium Chalk,KWS Extase,51.5,651.11525,Urea 46%,25/02/2022,6695,1.52,10176,28641,43.99,
WHAT0011,2,Burderop,92,Underdown,928,Wheat Winter,Winter Beans,08/10/2021,Medium Chalk,KWS Extase,16.5,218.50959,Ammonium Sulphate,22/03/2022,1155,0.6,693,,,
WHAT0011,2,Burderop,92,Underdown,928,Wheat Winter,Winter Beans,08/10/2021,Medium Chalk,KWS Extase,16.5,218.50959,MOP 60%,24/03/2022,1500,0.28,420,,,
WHAT0011,2,Burderop,92,Underdown,928,Wheat Winter,Winter Beans,08/10/2021,Medium Chalk,KWS Extase,16.5,218.50959,TSP 46%,25/11/2021,2300,0.6981,1606,,,
WHAT0011,2,Burderop,92,Underdown,928,Wheat Winter,Winter Beans,08/10/2021,Medium Chalk,KWS Extase,16.5,218.50959,Urea 46%,07/03/2022,2475,1.52,3762,,,
WHAT0011,2,Burderop,92,Underdown,928,Wheat Winter,Winter Beans,08/10/2021,Medium Chalk,KWS Extase,16.5,218.50959,Urea 46%,25/04/2022,1155,1.52,1756,,,
WHAT0011,2,Burderop,92,Underdown,928,Wheat Winter,Winter Beans,08/10/2021,Medium Chalk,KWS Extase,16.5,218.50959,Urea 46%,05/04/2022,2557.5,1.52,3887,12124,55.48,
WHAT0011,2,HF Horton ,95,Beech Copes,930,Wheat Winter,Winter Beans,11/10/2021,Medium Chalk,Graham,9,108,Ammonium Sulphate,22/03/2022,630,0.6,378,,,
WHAT0011,2,HF Horton ,95,Beech Copes,930,Wheat Winter,Winter Beans,11/10/2021,Medium Chalk,Graham,9,108,MOP 60%,24/03/2022,900,0.28,252,,,
WHAT0011,2,HF Horton ,95,Beech Copes,930,Wheat Winter,Winter Beans,11/10/2021,Medium Chalk,Graham,9,108,TSP 46%,24/11/2021,1830,0.6981,1278,,,
WHAT0011,2,HF Horton ,95,Beech Copes,930,Wheat Winter,Winter Beans,11/10/2021,Medium Chalk,Graham,9,108,Urea 46%,07/03/2022,1350,1.52,2052,,,
WHAT0011,2,HF Horton ,95,Beech Copes,930,Wheat Winter,Winter Beans,11/10/2021,Medium Chalk,Graham,9,108,Urea 46%,05/04/2022,1395,1.52,2120,,,
WHAT0011,2,HF Horton ,95,Beech Copes,930,Wheat Winter,Winter Beans,11/10/2021,Medium Chalk,Graham,9,108,Urea 46%,25/04/2022,630,1.52,958,7038,65.16,
WHAT0011,2,HF Horton ,125,Beech Copes,930,Wheat Winter,Winter Beans,11/10/2021,Medium Chalk,Graham,10.5,126,Ammonium Sulphate,23/03/2022,787.5,0.6,473,,,
WHAT0011,2,HF Horton ,125,Beech Copes,930,Wheat Winter,Winter Beans,11/10/2021,Medium Chalk,Graham,10.5,126,MOP 60%,24/03/2022,1050,0.28,294,,,
WHAT0011,2,HF Horton ,125,Beech Copes,930,Wheat Winter,Winter Beans,11/10/2021,Medium Chalk,Graham,10.5,126,TSP 46%,24/11/2021,1830,0.6981,1278,,,
WHAT0011,2,HF Horton ,125,Beech Copes,930,Wheat Winter,Winter Beans,11/10/2021,Medium Chalk,Graham,10.5,126,Urea 46%,04/03/2022,1575,1.52,2394,,,
WHAT0011,2,HF Horton ,125,Beech Copes,930,Wheat Winter,Winter Beans,11/10/2021,Medium Chalk,Graham,10.5,126,Urea 46%,25/04/2022,735,1.52,1117,,,
WHAT0011,2,HF Horton ,125,Beech Copes,930,Wheat Winter,Winter Beans,11/10/2021,Medium Chalk,Graham,10.5,126,Urea 46%,08/04/2022,1627.5,1.52,2474,8029,63.72,
WHAT0011,2,Burderop,105,Front Field,931,Beans Dried Winter,Winter Barley,19/10/2021,Medium Chalk,Vespa,19.5,93.64582,TSP 46%,25/11/2021,2310,0.6981,1613,1613,17.22,
WHAT0011,2,HF Horton ,121,Windmilll,933,Barley Winter,Winter Wheat,27/09/2021,Medium Chalk,SY Armadillo,16.5,158.3869,Ammonium Sulphate,14/03/2022,1650,0.6,990,,,
WHAT0011,2,HF Horton ,121,Windmilll,933,Barley Winter,Winter Wheat,27/09/2021,Medium Chalk,SY Armadillo,16.5,158.3869,MOP 60%,24/03/2022,2900,0.28,812,,,
WHAT0011,2,HF Horton ,121,Windmilll,933,Barley Winter,Winter Wheat,27/09/2021,Medium Chalk,SY Armadillo,16.5,158.3869,TSP 46%,24/11/2021,2977,0.6981,2078,,,
WHAT0011,2,HF Horton ,121,Windmilll,933,Barley Winter,Winter Wheat,27/09/2021,Medium Chalk,SY Armadillo,16.5,158.3869,Urea 46%,05/03/2022,2475,1.52,3762,,,
WHAT0011,2,HF Horton ,121,Windmilll,933,Barley Winter,Winter Wheat,27/09/2021,Medium Chalk,SY Armadillo,16.5,158.3869,Urea 46%,29/03/2022,1485,1.52,2257,,,
WHAT0011,2,HF Horton ,121,Windmilll,933,Barley Winter,Winter Wheat,27/09/2021,Medium Chalk,SY Armadillo,16.5,158.3869,Urea 46%,05/04/2022,1485,1.52,2257,12157,76.75,
WHAT0011,2,HF Horton ,122,Dyke,934,Wheat Winter,Winter Barley,04/10/2021,Medium Chalk,Graham,28.5,311.9517,Ammonium Sulphate,23/03/2022,2137.5,0.6,1283,,,
WHAT0011,2,HF Horton ,122,Dyke,934,Wheat Winter,Winter Barley,04/10/2021,Medium Chalk,Graham,28.5,311.9517,Urea 46%,05/03/2022,4275,1.52,6498,,,
WHAT0011,2,HF Horton ,122,Dyke,934,Wheat Winter,Winter Barley,04/10/2021,Medium Chalk,Graham,28.5,311.9517,Urea 46%,08/04/2022,4702.5,1.52,7148,,,
WHAT0011,2,HF Horton ,122,Dyke,934,Wheat Winter,Winter Barley,04/10/2021,Medium Chalk,Graham,28.5,311.9517,Urea 46%,25/04/2022,1995,1.52,3032,17961,57.58,
WHAT0011,2,HF Horton ,120,Rams Ground,935,Barley Winter,Winter Wheat,27/09/2021,Medium Chalk,SY Armadillo,11,102.9131,Ammonium Sulphate,14/03/2022,1100,0.6,660,,,
WHAT0011,2,HF Horton ,120,Rams Ground,935,Barley Winter,Winter Wheat,27/09/2021,Medium Chalk,SY Armadillo,11,102.9131,MOP 60%,24/03/2022,1600,0.28,448,,,
WHAT0011,2,HF Horton ,120,Rams Ground,935,Barley Winter,Winter Wheat,27/09/2021,Medium Chalk,SY Armadillo,11,102.9131,TSP 46%,24/11/2021,2340,0.6981,1634,,,
WHAT0011,2,HF Horton ,120,Rams Ground,935,Barley Winter,Winter Wheat,27/09/2021,Medium Chalk,SY Armadillo,11,102.9131,Urea 46%,05/03/2022,1650,1.52,2508,,,
WHAT0011,2,HF Horton ,120,Rams Ground,935,Barley Winter,Winter Wheat,27/09/2021,Medium Chalk,SY Armadillo,11,102.9131,Urea 46%,29/03/2022,990,1.52,1505,,,
WHAT0011,2,HF Horton ,120,Rams Ground,935,Barley Winter,Winter Wheat,27/09/2021,Medium Chalk,SY Armadillo,11,102.9131,Urea 46%,05/04/2022,990,1.52,1505,8259,80.25,
WHAT0011,2,HF Horton ,127,Titcombes,939,Wheat Winter,Maize Forage,15/10/2021,Medium Chalk,Graham,14,151.74949,Ammonium Sulphate,23/03/2022,1050,0.6,630,,,
WHAT0011,2,HF Horton ,127,Titcombes,939,Wheat Winter,Maize Forage,15/10/2021,Medium Chalk,Graham,14,151.74949,MOP 60%,24/03/2022,3200,0.28,896,,,
WHAT0011,2,HF Horton ,127,Titcombes,939,Wheat Winter,Maize Forage,15/10/2021,Medium Chalk,Graham,14,151.74949,Urea 46%,04/03/2022,2100,1.52,3192,,,
WHAT0011,2,HF Horton ,127,Titcombes,939,Wheat Winter,Maize Forage,15/10/2021,Medium Chalk,Graham,14,151.74949,Urea 46%,08/04/2022,2170,1.52,3298,,,
WHAT0011,2,HF Horton ,127,Titcombes,939,Wheat Winter,Maize Forage,15/10/2021,Medium Chalk,Graham,14,151.74949,Urea 46%,25/04/2022,980,1.52,1490,9506,62.64,
WHAT0011,2,Burderop,82,Buff Cottage,985,Rape Winter,Winter Barley,02/08/2021,Medium Chalk,Aardvark,25,103.2685,Ammonium Sulphate,10/03/2022,2500,0.6,1500,,,
WHAT0011,2,Burderop,82,Buff Cottage,985,Rape Winter,Winter Barley,02/08/2021,Medium Chalk,Aardvark,25,103.2685,Biosolid Sludge,27/07/2021,0,,,,,
WHAT0011,2,Burderop,82,Buff Cottage,985,Rape Winter,Winter Barley,02/08/2021,Medium Chalk,Aardvark,25,103.2685,MOP 60%,18/03/2022,1800,0.28,504,,,
WHAT0011,2,Burderop,82,Buff Cottage,985,Rape Winter,Winter Barley,02/08/2021,Medium Chalk,Aardvark,25,103.2685,Urea 46%,21/03/2022,3250,1.52,4940,,,
WHAT0011,2,Burderop,82,Buff Cottage,985,Rape Winter,Winter Barley,02/08/2021,Medium Chalk,Aardvark,25,103.2685,Urea 46%,28/02/2022,3750,1.52,5700,12644,122.44,
WHAT0011,2,Burderop,107,Draycott Corner,990,Wheat Winter,Winter Wheat,25/10/2021,Medium Chalk,Skyfall,29,296.7625,Ammonium Sulphate,22/03/2022,2030,0.6,1218,,,
WHAT0011,2,Burderop,107,Draycott Corner,990,Wheat Winter,Winter Wheat,25/10/2021,Medium Chalk,Skyfall,29,296.7625,MOP 60%,28/03/2022,2900,0.28,812,,,
WHAT0011,2,Burderop,107,Draycott Corner,990,Wheat Winter,Winter Wheat,25/10/2021,Medium Chalk,Skyfall,29,296.7625,Urea 46%,21/04/2022,2030,1.52,3086,,,
WHAT0011,2,Burderop,107,Draycott Corner,990,Wheat Winter,Winter Wheat,25/10/2021,Medium Chalk,Skyfall,29,296.7625,Urea 46%,04/04/2022,4495,1.52,6832,,,
WHAT0011,2,Burderop,107,Draycott Corner,990,Wheat Winter,Winter Wheat,25/10/2021,Medium Chalk,Skyfall,29,296.7625,Urea 46%,28/02/2022,4930,1.52,7494,19442,65.51,
WHAT0011,2,Burderop,89,Draycott Road,991,Wheat Winter,NULL,06/10/2021,Medium Chalk,Graham,12.5,150,Ammonium Sulphate,22/03/2022,875,0.6,525,,,
WHAT0011,2,Burderop,89,Draycott Road,991,Wheat Winter,NULL,06/10/2021,Medium Chalk,Graham,12.5,150,MOP 60%,28/03/2022,1250,0.28,350,,,
WHAT0011,2,Burderop,89,Draycott Road,991,Wheat Winter,NULL,06/10/2021,Medium Chalk,Graham,12.5,150,Urea 46%,07/03/2022,1875,1.52,2850,,,
WHAT0011,2,Burderop,89,Draycott Road,991,Wheat Winter,NULL,06/10/2021,Medium Chalk,Graham,12.5,150,Urea 46%,05/04/2022,1937.5,1.52,2945,,,
WHAT0011,2,Burderop,89,Draycott Road,991,Wheat Winter,NULL,06/10/2021,Medium Chalk,Graham,12.5,150,Urea 46%,25/04/2022,875,1.52,1330,8000,53.33,
WHAT0011,2,Burderop,88,Picket,992,Wheat Winter,Grass,06/10/2021,Medium Chalk,Graham,11.5,129.55108,Ammonium Sulphate,22/03/2022,805,0.6,483,,,
WHAT0011,2,Burderop,88,Picket,992,Wheat Winter,Grass,06/10/2021,Medium Chalk,Graham,11.5,129.55108,MOP 60%,28/03/2022,1150,0.28,322,,,
WHAT0011,2,Burderop,88,Picket,992,Wheat Winter,Grass,06/10/2021,Medium Chalk,Graham,11.5,129.55108,Urea 46%,07/03/2022,1725,1.52,2622,,,
WHAT0011,2,Burderop,88,Picket,992,Wheat Winter,Grass,06/10/2021,Medium Chalk,Graham,11.5,129.55108,Urea 46%,05/04/2022,1782.5,1.52,2709,,,
WHAT0011,2,Burderop,88,Picket,992,Wheat Winter,Grass,06/10/2021,Medium Chalk,Graham,11.5,129.55108,Urea 46%,25/04/2022,805,1.52,1224,7360,56.81,
WHAT0011,2,Burderop,94,Down Ormands,993,Barley Winter,Winter Wheat,10/10/2021,Medium Chalk,SY Kingsbarn,77,701.51619,Ammonium Sulphate,22/03/2022,5390,0.6,3234,,,
WHAT0011,2,Burderop,94,Down Ormands,993,Barley Winter,Winter Wheat,10/10/2021,Medium Chalk,SY Kingsbarn,77,701.51619,MOP 60%,24/03/2022,10400,0.28,2912,,,
WHAT0011,2,Burderop,94,Down Ormands,993,Barley Winter,Winter Wheat,10/10/2021,Medium Chalk,SY Kingsbarn,77,701.51619,Urea 46%,30/03/2022,10010,1.52,15215,,,
WHAT0011,2,Burderop,94,Down Ormands,993,Barley Winter,Winter Wheat,10/10/2021,Medium Chalk,SY Kingsbarn,77,701.51619,Urea 46%,13/04/2022,7700,1.52,11704,,,
WHAT0011,2,Burderop,94,Down Ormands,993,Barley Winter,Winter Wheat,10/10/2021,Medium Chalk,SY Kingsbarn,77,701.51619,Urea 46%,26/02/2022,11550,1.52,17556,50621,72.16,
WHAT0011,2,Burderop,98,Pond,995,Wheat Winter,Winter Wheat,11/10/2021,Medium Chalk,KWS Extase,32,357.40336,Ammonium Sulphate,22/03/2022,2240,0.6,1344,,,
WHAT0011,2,Burderop,98,Pond,995,Wheat Winter,Winter Wheat,11/10/2021,Medium Chalk,KWS Extase,32,357.40336,MOP 60%,24/03/2022,5200,0.28,1456,,,
WHAT0011,2,Burderop,98,Pond,995,Wheat Winter,Winter Wheat,11/10/2021,Medium Chalk,KWS Extase,32,357.40336,Urea 46%,28/02/2022,5440,1.52,8269,,,
WHAT0011,2,Burderop,98,Pond,995,Wheat Winter,Winter Wheat,11/10/2021,Medium Chalk,KWS Extase,32,357.40336,Urea 46%,04/04/2022,4960,1.52,7539,,,
WHAT0011,2,Burderop,98,Pond,995,Wheat Winter,Winter Wheat,11/10/2021,Medium Chalk,KWS Extase,32,357.40336,Urea 46%,21/04/2022,2240,1.52,3405,22013,61.59,
WHAT0011,2,Coombe Lacey,114,Camp East/West,1038,Barley Spring,Winter Wheat,10/03/2022,Medium Chalk,RGT Planet,34,296.27676,Ammonium Sulphate,21/03/2022,2550,0.6,1530,,,
WHAT0011,2,Coombe Lacey,114,Camp East/West,1038,Barley Spring,Winter Wheat,10/03/2022,Medium Chalk,RGT Planet,34,296.27676,MOP 60%,28/03/2022,5000,0.28,1400,,,
WHAT0011,2,Coombe Lacey,114,Camp East/West,1038,Barley Spring,Winter Wheat,10/03/2022,Medium Chalk,RGT Planet,34,296.27676,TSP 46%,30/03/2022,1400,0.6981,977,,,
WHAT0011,2,Coombe Lacey,114,Camp East/West,1038,Barley Spring,Winter Wheat,10/03/2022,Medium Chalk,RGT Planet,34,296.27676,Urea 46%,29/03/2022,8160,1.52,12403,16311,55.05,
WHAT0011,2,Coombe Lacey,113,Hump,1040,Barley Spring,Winter Barley,10/03/2022,Medium Chalk,RGT Planet,16,135.14817,Ammonium Sulphate,21/03/2022,1200,0.6,720,,,
WHAT0011,2,Coombe Lacey,113,Hump,1040,Barley Spring,Winter Barley,10/03/2022,Medium Chalk,RGT Planet,16,135.14817,MOP 60%,28/03/2022,2500,0.28,700,,,
WHAT0011,2,Coombe Lacey,113,Hump,1040,Barley Spring,Winter Barley,10/03/2022,Medium Chalk,RGT Planet,16,135.14817,TSP 46%,30/03/2022,2100,0.6981,1466,,,
WHAT0011,2,Coombe Lacey,113,Hump,1040,Barley Spring,Winter Barley,10/03/2022,Medium Chalk,RGT Planet,16,135.14817,Urea 46%,29/03/2022,3840,1.52,5837,8723,64.54,
WHAT0011,2,Coombe Lacey,111,Downs/ R-R,1042,Beans Dried Winter,Winter Wheat,19/10/2021,Medium Chalk,Vespa,10,39.15174,MOP 60%,28/03/2022,1000,0.28,280,,,
WHAT0011,2,Coombe Lacey,111,Downs/ R-R,1042,Beans Dried Winter,Winter Wheat,19/10/2021,Medium Chalk,Vespa,10,39.15174,TSP 46%,30/03/2022,1600,0.6981,1117,1397,35.68,
WHAT0011,2,Coombe Lacey,112,Reservoir,1043,Barley Spring,Winter Barley,10/03/2022,Medium Chalk,RGT Planet,9.5,69.27508,Ammonium Sulphate,21/03/2022,712.5,0.6,428,,,
WHAT0011,2,Coombe Lacey,112,Reservoir,1043,Barley Spring,Winter Barley,10/03/2022,Medium Chalk,RGT Planet,9.5,69.27508,MOP 60%,28/03/2022,1300,0.28,364,,,
WHAT0011,2,Coombe Lacey,112,Reservoir,1043,Barley Spring,Winter Barley,10/03/2022,Medium Chalk,RGT Planet,9.5,69.27508,Urea 46%,29/03/2022,2280,1.52,3466,4257,61.45,
WHAT0011,2,Burderop,81,Buff Lane,1044,Rape Winter,Winter Barley,02/08/2021,Medium Chalk,Aardvark,19.5,82.39246,Ammonium Sulphate,10/03/2022,1950,0.6,1170,,,
WHAT0011,2,Burderop,81,Buff Lane,1044,Rape Winter,Winter Barley,02/08/2021,Medium Chalk,Aardvark,19.5,82.39246,MOP 60%,18/03/2022,1600,0.28,448,,,
WHAT0011,2,Burderop,81,Buff Lane,1044,Rape Winter,Winter Barley,02/08/2021,Medium Chalk,Aardvark,19.5,82.39246,Urea 46%,21/03/2022,2535,1.52,3853,,,
WHAT0011,2,Burderop,81,Buff Lane,1044,Rape Winter,Winter Barley,02/08/2021,Medium Chalk,Aardvark,19.5,82.39246,Urea 46%,28/02/2022,2925,1.52,4446,9917,120.37,
WHAT0011,2,Coombe Lacey,109,Y Chiseldon Camp,4255,Wheat Winter,Winter Beans,11/10/2021,Medium Chalk,Graham,4.5,47.28734,Ammonium Sulphate,21/03/2022,337.5,0.6,203,,,
WHAT0011,2,Coombe Lacey,109,Y Chiseldon Camp,4255,Wheat Winter,Winter Beans,11/10/2021,Medium Chalk,Graham,4.5,47.28734,Urea 46%,05/03/2022,675,1.52,1026,,,
WHAT0011,2,Coombe Lacey,109,Y Chiseldon Camp,4255,Wheat Winter,Winter Beans,11/10/2021,Medium Chalk,Graham,4.5,47.28734,Urea 46%,05/04/2022,787.5,1.52,1197,,,
WHAT0011,2,Coombe Lacey,109,Y Chiseldon Camp,4255,Wheat Winter,Winter Beans,11/10/2021,Medium Chalk,Graham,4.5,47.28734,Urea 46%,22/04/2022,315,1.52,479,2904,61.42,
WHAT0011,2,Kinrah Farms ,118,Smeathes Ridge,11482,Wheat Winter,Winter Wheat,10/10/2021,Shallow Chalk,KWS Extase,37,296.00001,Ammonium Sulphate,21/03/2022,2775,0.6,1665,,,
WHAT0011,2,Kinrah Farms ,118,Smeathes Ridge,11482,Wheat Winter,Winter Wheat,10/10/2021,Shallow Chalk,KWS Extase,37,296.00001,MOP 60%,28/03/2022,7300,0.28,2044,,,
WHAT0011,2,Kinrah Farms ,118,Smeathes Ridge,11482,Wheat Winter,Winter Wheat,10/10/2021,Shallow Chalk,KWS Extase,37,296.00001,TSP 46%,31/01/2022,3100,0.6981,2164,,,
WHAT0011,2,Kinrah Farms ,118,Smeathes Ridge,11482,Wheat Winter,Winter Wheat,10/10/2021,Shallow Chalk,KWS Extase,37,296.00001,Urea 46%,25/02/2022,6290,1.52,9561,,,
WHAT0011,2,Kinrah Farms ,118,Smeathes Ridge,11482,Wheat Winter,Winter Wheat,10/10/2021,Shallow Chalk,KWS Extase,37,296.00001,Urea 46%,30/03/2022,5920,1.52,8998,,,
WHAT0011,2,Kinrah Farms ,118,Smeathes Ridge,11482,Wheat Winter,Winter Wheat,10/10/2021,Shallow Chalk,KWS Extase,37,296.00001,Urea 46%,22/04/2022,3700,1.52,5624,30056,101.54,
WHAT0011,2,Kinrah Farms ,117,Herdswick Plain lower,11484,Wheat Winter,Winter Oilseed Rape,08/10/2021,Medium Chalk,KWS Extase,46.5,604.90254,Ammonium Sulphate,21/03/2022,3487.5,0.6,2093,,,
WHAT0011,2,Kinrah Farms ,117,Herdswick Plain lower,11484,Wheat Winter,Winter Oilseed Rape,08/10/2021,Medium Chalk,KWS Extase,46.5,604.90254,TSP 46%,30/03/2022,800,0.6981,558,,,
WHAT0011,2,Kinrah Farms ,117,Herdswick Plain lower,11484,Wheat Winter,Winter Oilseed Rape,08/10/2021,Medium Chalk,KWS Extase,46.5,604.90254,Urea 46%,05/03/2022,6975,1.52,10602,,,
WHAT0011,2,Kinrah Farms ,117,Herdswick Plain lower,11484,Wheat Winter,Winter Oilseed Rape,08/10/2021,Medium Chalk,KWS Extase,46.5,604.90254,Urea 46%,11/04/2022,6975,1.52,10602,,,
WHAT0011,2,Kinrah Farms ,117,Herdswick Plain lower,11484,Wheat Winter,Winter Oilseed Rape,08/10/2021,Medium Chalk,KWS Extase,46.5,604.90254,Urea 46%,22/04/2022,3255,1.52,4948,28803,47.62,
WHAT0011,2,Kinrah Farms ,116,Upper Blacklands,14554,Barley Winter,Winter Wheat,23/09/2021,Shallow Chalk,Memento,24,175.12,Ammonium Sulphate,15/03/2022,1680,0.6,1008,,,
WHAT0011,2,Kinrah Farms ,116,Upper Blacklands,14554,Barley Winter,Winter Wheat,23/09/2021,Shallow Chalk,Memento,24,175.12,MOP 60%,28/03/2022,2800,0.28,784,,,
WHAT0011,2,Kinrah Farms ,116,Upper Blacklands,14554,Barley Winter,Winter Wheat,23/09/2021,Shallow Chalk,Memento,24,175.12,TSP 46%,31/01/2022,1900,0.6981,1326,,,
WHAT0011,2,Kinrah Farms ,116,Upper Blacklands,14554,Barley Winter,Winter Wheat,23/09/2021,Shallow Chalk,Memento,24,175.12,Urea 46%,29/03/2022,4800,1.52,7296,,,
WHAT0011,2,Kinrah Farms ,116,Upper Blacklands,14554,Barley Winter,Winter Wheat,23/09/2021,Shallow Chalk,Memento,24,175.12,Urea 46%,25/02/2022,3600,1.52,5472,15886,90.72,
WHAT0011,2,HF Horton ,124,Uffcott Road,14867,Wheat Winter,NULL,09/10/2021,Medium Chalk,Graham,9.5,86.8919,Ammonium Sulphate,23/03/2022,712.5,0.6,428,,,
WHAT0011,2,HF Horton ,124,Uffcott Road,14867,Wheat Winter,NULL,09/10/2021,Medium Chalk,Graham,9.5,86.8919,MOP 60%,24/03/2022,1400,0.28,392,,,
WHAT0011,2,HF Horton ,124,Uffcott Road,14867,Wheat Winter,NULL,09/10/2021,Medium Chalk,Graham,9.5,86.8919,Urea 46%,05/03/2022,1615,1.52,2455,,,
WHAT0011,2,HF Horton ,124,Uffcott Road,14867,Wheat Winter,NULL,09/10/2021,Medium Chalk,Graham,9.5,86.8919,Urea 46%,08/04/2022,1567.5,1.52,2383,,,
WHAT0011,2,HF Horton ,124,Uffcott Road,14867,Wheat Winter,NULL,09/10/2021,Medium Chalk,Graham,9.5,86.8919,Urea 46%,25/04/2022,665,1.52,1011,6668,76.74,
WHAT0011,2,HF Horton ,123,Wire Field,25241,Wheat Winter,Grass,05/10/2021,Medium Chalk,Graham,14.5,177.39766,Ammonium Sulphate,23/03/2022,1087.5,0.6,653,,,
WHAT0011,2,HF Horton ,123,Wire Field,25241,Wheat Winter,Grass,05/10/2021,Medium Chalk,Graham,14.5,177.39766,Urea 46%,04/03/2022,2175,1.52,3306,,,
WHAT0011,2,HF Horton ,123,Wire Field,25241,Wheat Winter,Grass,05/10/2021,Medium Chalk,Graham,14.5,177.39766,Urea 46%,05/04/2022,2030,1.52,3086,,,
WHAT0011,2,HF Horton ,123,Wire Field,25241,Wheat Winter,Grass,05/10/2021,Medium Chalk,Graham,14.5,177.39766,Urea 46%,25/04/2022,1015,1.52,1543,8587,48.40,
WHAT0011,2,HF Horton ,126,Ralphs,346570,Wheat Winter,NULL,14/10/2021,Medium Chalk,Graham,13,154.31722,Urea 46%,25/04/2022,910,1.52,1383,,,
WHAT0011,2,HF Horton ,126,Ralphs,346570,Wheat Winter,NULL,14/10/2021,Medium Chalk,Graham,13,154.31722,Urea 46%,04/03/2022,1950,1.52,2964,,,
WHAT0011,2,HF Horton ,126,Ralphs,346570,Wheat Winter,NULL,14/10/2021,Medium Chalk,Graham,13,154.31722,Urea 46%,08/04/2022,2015,1.52,3063,7410,48.02,
WHAT0011,2,Burderop,97,Norris Close,383993,Wheat Winter,Winter Wheat,11/10/2021,Medium Chalk,KWS Extase,26.5,281.15964,Ammonium Sulphate,22/03/2022,1855,0.6,1113,,,
WHAT0011,2,Burderop,97,Norris Close,383993,Wheat Winter,Winter Wheat,11/10/2021,Medium Chalk,KWS Extase,26.5,281.15964,MOP 60%,28/03/2022,4500,0.28,1260,,,
WHAT0011,2,Burderop,97,Norris Close,383993,Wheat Winter,Winter Wheat,11/10/2021,Medium Chalk,KWS Extase,26.5,281.15964,TSP 46%,25/11/2021,6400,0.6981,4468,,,
WHAT0011,2,Burderop,97,Norris Close,383993,Wheat Winter,Winter Wheat,11/10/2021,Medium Chalk,KWS Extase,26.5,281.15964,Urea 46%,28/02/2022,4505,1.52,6848,,,
WHAT0011,2,Burderop,97,Norris Close,383993,Wheat Winter,Winter Wheat,11/10/2021,Medium Chalk,KWS Extase,26.5,281.15964,Urea 46%,04/04/2022,4107.5,1.52,6243,,,
WHAT0011,2,Burderop,97,Norris Close,383993,Wheat Winter,Winter Wheat,11/10/2021,Medium Chalk,KWS Extase,26.5,281.15964,Urea 46%,21/04/2022,1855,1.52,2820,22751,80.92,
